"QID","eidrparty"
"Q43082788","10.5237/47C0-F5BB"
"Q47088762","10.5237/4072-4287"
"Q65557474","10.5237/06DC-BE7D"
"Q3884","10.5237/B3B3-A6AC"
"Q11224","10.5237/892E-6BA6"
"Q72080171","10.5237/F963-D921"
"Q78458869","10.5237/0895-AC45"
"Q101238787","10.5237/AEF5-A228"
"Q105046172","10.5237/9F1A-90C4"
"Q106690231","10.5237/B729-5B5C"
"Q107214918","10.5237/523C-B4F2"
"Q107528521","10.5237/5A90-96DB"
"Q108286784","10.5237/D3F9-8764"
"Q110688188","10.5237/CB45-BA48"
"Q112745539","10.5237/63A9-D284"
"Q116257582","10.5237/BC9C-296D"
"Q120763917","10.5237/8B22-A036"
"Q121034205","10.5237/D9C6-0CD1"
"Q121035287","10.5237/6FF1-902D"
"Q65589412","10.5237/93CE-B180"
"Q127552","10.5237/C844-63E8"
"Q131439","10.5237/A782-FF29"
"Q141336","10.5237/6CD1-7746"
"Q159846","10.5237/C5C0-F4BC"
"Q168383","10.5237/AE5F-6ABB"
"Q179200","10.5237/169B-EDEB"
"Q191224","10.5237/6163-CF6A"
"Q207460","10.5237/7E95-3903"
"Q219400","10.5237/D893-0AC2"
"Q267282","10.5237/CE58-0503"
"Q367466","10.5237/7394-6CDD"
"Q434841","10.5237/2FE2-24F2"
"Q428457","10.5237/AF28-2559"
"Q461761","10.5237/986A-BB47"
"Q547341","10.5237/6F15-A1C4"
"Q621231","10.5237/4FB5-C9C7"
"Q724759","10.5237/D7DC-E2D3"
"Q875920","10.5237/63B4-FF4A"
"Q907311","10.5237/7E20-E6FF"
"Q1156642","10.5237/D0FA-BE0D"
"Q1243548","10.5237/1A91-FAC0"
"Q1314323","10.5237/9B4D-B908"
"Q1320443","10.5237/0BBC-2AD8"
"Q1369459","10.5237/7482-D86E"
"Q1416835","10.5237/1854-12B6"
"Q1445805","10.5237/3267-93D9"
"Q1506909","10.5237/FC13-2CBB"
"Q1530721","10.5237/4A22-0B90"
"Q1544011","10.5237/0BAA-566A"
"Q1607312","10.5237/3DD8-BC9D"
"Q1885099","10.5237/0DD7-B8C0"
"Q1936485","10.5237/6514-3E35"
"Q1938662","10.5237/1CE7-308A"
"Q2367528","10.5237/D08A-23C7"
"Q2576666","10.5237/57E7-C2B6"
"Q2568777","10.5237/13D8-B3C2"
"Q2866005","10.5237/4CB7-782C"
"Q2924461","10.5237/7B57-B4BC"
"Q2973229","10.5237/A893-575B"
"Q3041471","10.5237/52FF-6CED"
"Q3211378","10.5237/191A-8AFB"
"Q3305015","10.5237/EA24-D616"
"Q4740868","10.5237/9D7D-E9D9"
"Q4736749","10.5237/3D9C-4375"
"Q4817412","10.5237/7083-B735"
"Q4820037","10.5237/A61D-F4BA"
"Q4824147","10.5237/1642-4C29"
"Q4824145","10.5237/9C8A-EC4D"
"Q4985726","10.5237/CE44-E77A"
"Q5191876","10.5237/D76D-AFF0"
"Q5276759","10.5237/C2D9-504D"
"Q5436183","10.5237/9DC9-BD68"
"Q5449048","10.5237/1EF2-2384"
"Q5452059","10.5237/CCA6-5D6A"
"Q5467439","10.5237/9D34-380E"
"Q5492455","10.5237/1A01-7267"
"Q5571070","10.5237/D181-6726"
"Q5613168","10.5237/0A90-C9EB"
"Q5984808","10.5237/07E0-F83F"
"Q6703227","10.5237/6AFC-C142"
"Q6744471","10.5237/9D99-AC8F"
"Q7168755","10.5237/AB71-8FC5"
"Q7249852","10.5237/06A9-5032"
"Q7270938","10.5237/D608-2FA6"
"Q7406084","10.5237/7534-BCD2"
"Q7566109","10.5237/B0B2-C2B3"
"Q8034908","10.5237/7ACE-94C7"
"Q10590609","10.5237/6665-69A3"
"Q12021499","10.5237/81E9-D52F"
"Q13416804","10.5237/6B2E-D421"
"Q16248298","10.5237/4C1A-F6C8"
"Q17034359","10.5237/5E6C-A16C"
"Q17109548","10.5237/719C-D805"
"Q17112076","10.5237/EF0E-0EA9"
"Q18411902","10.5237/E74B-ECEE"
"Q19839170","10.5237/51CF-78DB"
"Q21013766","10.5237/E2A4-B489"
"Q21290667","10.5237/E0F8-81F3"
"Q24928644","10.5237/A771-6D00"
"Q31197934","10.5237/23A2-7A4B"
"Q47509008","10.5237/76F8-E9B7"
"Q56441393","10.5237/319F-BC98"
"Q64976001","10.5237/FB99-C583"
"Q72550550","10.5237/61BF-4CDF"
"Q77978638","10.5237/007B-E6EC"
"Q78297902","10.5237/1D42-61AB"
"Q78298840","10.5237/E445-5AED"
"Q78344865","10.5237/8019-9445"
"Q78457904","10.5237/3E35-3A93"
"Q78476123","10.5237/942E-241F"
"Q78523517","10.5237/5A1C-F686"
"Q78627378","10.5237/48B3-BF3F"
"Q78992365","10.5237/08F5-56EF"
"Q79617105","10.5237/DFB8-BBFA"
"Q80661712","10.5237/402A-4003"
"Q80803713","10.5237/B4C2-2BD9"
"Q88968974","10.5237/1764-2BB5"
"Q89014077","10.5237/6AAA-000C"
"Q89029986","10.5237/4007-E4B0"
"Q90924212","10.5237/6E1A-28B0"
"Q91335716","10.5237/8517-D846"
"Q96111659","10.5237/8B59-76A2"
"Q97958214","10.5237/7D6B-9538"
"Q98056205","10.5237/94B5-06D5"
"Q98215772","10.5237/595F-9D16"
"Q100430919","10.5237/E62E-DFB5"
"Q100600680","10.5237/BC60-E8DB"
"Q101238823","10.5237/3B7A-6940"
"Q101480209","10.5237/EB43-2349"
"Q104804879","10.5237/4414-8CC3"
"Q107022380","10.5237/0214-E835"
"Q107167389","10.5237/C63A-E8F1"
"Q107172699","10.5237/E4E4-54C6"
"Q107212543","10.5237/A745-17EC"
"Q107575851","10.5237/3C8A-BE53"
"Q107587999","10.5237/C26D-3F66"
"Q107620618","10.5237/5831-5F26"
"Q107641719","10.5237/D7BA-F744"
"Q108183211","10.5237/5149-E40F"
"Q109257542","10.5237/5F1A-4F76"
"Q111195537","10.5237/4074-A856"
"Q112750169","10.5237/7FD6-24B4"
"Q116700730","10.5237/10AD-C8A1"
"Q117473461","10.5237/8589-C326"
"Q121222582","10.5237/2C0F-7C17"
"Q117555","10.5237/7DB4-365F"
"Q618489","10.5237/1F27-AD69"
"Q1491737","10.5237/BFAB-7B0C"
"Q1891982","10.5237/BE52-2E4A"
"Q2363431","10.5237/FDF1-5C07"
"Q2399565","10.5237/5064-084A"
"Q2740839","10.5237/9BA3-D781"
"Q2828222","10.5237/C54C-EAC4"
"Q2850600","10.5237/4F99-671F"
"Q2861044","10.5237/3D43-5BFB"
"Q2864822","10.5237/B10D-DA0F"
"Q2864832","10.5237/14C3-C792"
"Q2869410","10.5237/590C-1016"
"Q2943613","10.5237/32E9-A610"
"Q2989909","10.5237/CAF9-6A14"
"Q3049217","10.5237/EB90-74DA"
"Q3071502","10.5237/AA86-74ED"
"Q3128481","10.5237/C1E0-86C6"
"Q3146538","10.5237/A2C4-5EF1"
"Q3211552","10.5237/54B3-D730"
"Q3230674","10.5237/1CD9-2BB9"
"Q3232636","10.5237/5AB5-D2B0"
"Q3232643","10.5237/75E5-A721"
"Q3232641","10.5237/1AE0-3FFD"
"Q3232649","10.5237/FCD6-22FC"
"Q3299128","10.5237/7A4E-9869"
"Q3701643","10.5237/5F09-C9F5"
"Q3703758","10.5237/B217-EF29"
"Q4926610","10.5237/0ED5-68F0"
"Q5058382","10.5237/D3FD-A262"
"Q5187036","10.5237/9ED5-9493"
"Q5398366","10.5237/2DC5-89BB"
"Q6112017","10.5237/4F14-E813"
"Q7424563","10.5237/C47B-D730"
"Q7461122","10.5237/A364-F60B"
"Q7641839","10.5237/D635-31AB"
"Q10498467","10.5237/29D4-6750"
"Q10498468","10.5237/C6B6-A28E"
"Q11854643","10.5237/0E0F-6AFF"
"Q11883266","10.5237/BBBE-3533"
"Q11896144","10.5237/5A3E-9329"
"Q12301653","10.5237/2EC2-94EB"
"Q12306712","10.5237/F8D6-56A5"
"Q12327304","10.5237/6904-92B1"
"Q16825684","10.5237/BFC8-C926"
"Q17149205","10.5237/C7B7-3D0A"
"Q17275620","10.5237/469D-24F8"
"Q17514657","10.5237/F77E-0400"
"Q18331625","10.5237/8C19-5A5A"
"Q18452123","10.5237/6689-1BD8"
"Q18682669","10.5237/09B5-3B15"
"Q18689250","10.5237/1BD9-1B84"
"Q30737775","10.5237/B29C-AC02"
"Q30740712","10.5237/076D-E0BD"
"Q31273179","10.5237/5A8E-01A8"
"Q39075149","10.5237/E858-640D"
"Q42286429","10.5237/5339-A764"
"Q47153394","10.5237/1284-565F"
"Q55407804","10.5237/91B6-5205"
"Q56474046","10.5237/EEC8-3A96"
"Q57541102","10.5237/A2E3-633E"
"Q58035287","10.5237/CFD8-6C19"
"Q64976162","10.5237/AEF1-512D"
"Q64976192","10.5237/7E55-C1A9"
"Q65092164","10.5237/836A-0ECD"
"Q65466263","10.5237/5666-E21B"
"Q65589420","10.5237/E694-0B52"
"Q23565","10.5237/5486-4FCC"
"Q41468","10.5237/A188-73E4"
"Q72387601","10.5237/FEE5-441E"
"Q78157176","10.5237/38BF-7C20"
"Q78159044","10.5237/B70A-1D79"
"Q78161176","10.5237/42BB-46E1"
"Q78161755","10.5237/7390-BC76"
"Q78343557","10.5237/9FC1-076A"
"Q78623465","10.5237/37AE-18E4"
"Q78625928","10.5237/B926-2EF0"
"Q78626362","10.5237/20F8-FA1C"
"Q78627586","10.5237/5BD1-1AFD"
"Q78791889","10.5237/7A82-A30F"
"Q78988961","10.5237/1879-E9AF"
"Q78989274","10.5237/8B4D-5CCE"
"Q79395269","10.5237/4E86-E021"
"Q80177057","10.5237/D095-6C99"
"Q80455410","10.5237/94D2-45E1"
"Q80455720","10.5237/4AFC-2D92"
"Q88960837","10.5237/15A6-90C3"
"Q88973069","10.5237/8FA6-0785"
"Q89045213","10.5237/0EC1-D269"
"Q89875207","10.5237/F32E-9CD7"
"Q89912101","10.5237/9C65-EEDE"
"Q92780895","10.5237/AF58-D7D8"
"Q97986881","10.5237/1E08-E0C8"
"Q98215587","10.5237/CD76-9B7C"
"Q100707106","10.5237/FE4A-160D"
"Q101188881","10.5237/A552-77D0"
"Q101208785","10.5237/439D-A2A6"
"Q105756535","10.5237/6C82-8A4B"
"Q106641397","10.5237/45A6-C39A"
"Q107575831","10.5237/0E36-50F9"
"Q107637159","10.5237/C97B-7C52"
"Q108124392","10.5237/BE8C-9FC9"
"Q108162913","10.5237/1036-3E96"
"Q108256132","10.5237/5EDE-BBF7"
"Q108267989","10.5237/C0C4-AD47"
"Q108286656","10.5237/FF0B-4790"
"Q110899427","10.5237/0CEF-4C54"
"Q110905007","10.5237/C30F-1DA2"
"Q112166726","10.5237/C527-2E5A"
"Q112221845","10.5237/8C20-1BD3"
"Q112627218","10.5237/8417-2288"
"Q112627334","10.5237/521D-F42C"
"Q112769437","10.5237/7A12-DAF9"
"Q113576659","10.5237/26E2-3A59"
"Q121294679","10.5237/4131-0483"
"Q121301245","10.5237/C2D7-4B48"
"Q121792856","10.5237/3064-8710"
"Q122542295","10.5237/956C-908E"
"Q158948","10.5237/7AB1-F7BA"
"Q362280","10.5237/F943-518D"
"Q564960","10.5237/519D-CADF"
"Q609069","10.5237/DE3E-9B63"
"Q1235358","10.5237/4381-DC2A"
"Q1254356","10.5237/AF92-65B4"
"Q1314010","10.5237/EF35-9DE7"
"Q1386879","10.5237/42FA-581F"
"Q1643954","10.5237/E00F-B95D"
"Q1674641","10.5237/1934-48EF"
"Q1979907","10.5237/C285-F0B8"
"Q2014391","10.5237/688B-0E12"
"Q2111697","10.5237/DBE6-4E6A"
"Q2155901","10.5237/7FF9-D50A"
"Q2392262","10.5237/C238-743D"
"Q2450848","10.5237/169E-ED30"
"Q3362049","10.5237/2B94-8605"
"Q3413369","10.5237/FD2E-2AF7"
"Q3425474","10.5237/B4FE-46B4"
"Q3555701","10.5237/4C70-78E6"
"Q3567885","10.5237/1C98-9F6C"
"Q3568109","10.5237/32DD-8C32"
"Q7832202","10.5237/837E-49EF"
"Q9372058","10.5237/B00F-93D6"
"Q11337482","10.5237/968F-E721"
"Q15154276","10.5237/8F5F-BA1E"
"Q15242318","10.5237/08A7-BE65"
"Q17377985","10.5237/E4DD-21EB"
"Q19799592","10.5237/F33A-4428"
"Q21964532","10.5237/EEBF-5E22"
"Q23196833","10.5237/C231-2845"
"Q27962009","10.5237/D33C-5C68"
"Q29029066","10.5237/3617-AD1E"
"Q29035480","10.5237/4F4F-E135"
"Q29390930","10.5237/A805-78CD"
"Q30737762","10.5237/B959-4B45"
"Q33108601","10.5237/BBA0-F576"
"Q47088763","10.5237/D2F5-C817"
"Q55705977","10.5237/4340-3EC8"
"Q56085408","10.5237/323A-29DE"
"Q56148954","10.5237/62DC-3E0A"
"Q60752075","10.5237/ECD1-EC60"
"Q64975503","10.5237/CF2B-8A59"
"Q65064081","10.5237/DC4D-2624"
"Q72550738","10.5237/7CA8-589B"
"Q77978088","10.5237/FB61-E642"
"Q79395789","10.5237/3BFC-5977"
"Q80547643","10.5237/0D12-19A6"
"Q94485319","10.5237/A3B0-DFD4"
"Q94526523","10.5237/DE0D-A5D2"
"Q99539464","10.5237/8CF0-EDA6"
"Q100430828","10.5237/58E6-A97B"
"Q100600669","10.5237/5B3E-0187"
"Q101231650","10.5237/3751-9711"
"Q101234816","10.5237/4D6A-2963"
"Q104777270","10.5237/2CDE-6C40"
"Q104818569","10.5237/837C-A578"
"Q104820520","10.5237/EBC6-15D0"
"Q107168451","10.5237/65B8-FB84"
"Q107637155","10.5237/956C-F0CE"
"Q107640447","10.5237/FD2A-BE16"
"Q107646317","10.5237/41C6-D9FF"
"Q107809261","10.5237/4575-AF35"
"Q107827720","10.5237/8DE1-B643"
"Q108108307","10.5237/F954-C5C9"
"Q108183168","10.5237/084B-4F15"
"Q108256029","10.5237/1EAD-443A"
"Q108257665","10.5237/2214-675C"
"Q110906115","10.5237/F1C0-F177"
"Q111345091","10.5237/D237-C44C"
"Q112221779","10.5237/98E2-AF3C"
"Q112265416","10.5237/3584-C692"
"Q113946194","10.5237/F371-17CE"
"Q114810722","10.5237/4F88-F03F"
"Q121126572","10.5237/DF4E-A21A"
"Q122842182","10.5237/40E8-CDDD"
"Q123084927","10.5237/9B20-1DC1"
"Q75533","10.5237/F993-7988"
"Q201487","10.5237/9715-5470"
"Q439623","10.5237/4C50-2B30"
"Q541569","10.5237/A945-0142"
"Q595808","10.5237/888A-7619"
"Q844822","10.5237/45AE-D124"
"Q1051884","10.5237/9389-FBF9"
"Q1054807","10.5237/DD19-97EB"
"Q1161600","10.5237/244C-A5B0"
"Q1172062","10.5237/3A05-12C0"
"Q1536079","10.5237/1BF2-1048"
"Q1696916","10.5237/17AE-E1EB"
"Q1936629","10.5237/E42A-3476"
"Q2376192","10.5237/235A-6BE3"
"Q2716300","10.5237/D6FD-C7C6"
"Q2850090","10.5237/A209-5523"
"Q3304113","10.5237/1480-275C"
"Q3349547","10.5237/6532-569F"
"Q3547550","10.5237/8E05-4E25"
"Q3621755","10.5237/7503-086A"
"Q3657087","10.5237/E624-5C71"
"Q3739211","10.5237/9261-0F6D"
"Q3838997","10.5237/53EA-B0F2"
"Q3929496","10.5237/E27F-8959"
"Q3960839","10.5237/113F-2C58"
"Q3980959","10.5237/22F6-3F5B"
"Q4038735","10.5237/AA74-C486"
"Q4930294","10.5237/5B56-ACB9"
"Q5071736","10.5237/7891-2351"
"Q5401916","10.5237/07A9-BD57"
"Q6393277","10.5237/2DA7-86A7"
"Q6583383","10.5237/24FB-9AA1"
"Q7197915","10.5237/E388-E10D"
"Q7568115","10.5237/1F03-CE62"
"Q7847492","10.5237/48A3-ABA5"
"Q9143596","10.5237/0D0E-C52D"
"Q11190583","10.5237/9949-0584"
"Q11956464","10.5237/C33A-B40F"
"Q12005220","10.5237/A01B-BCCD"
"Q12006943","10.5237/7E04-3168"
"Q13102309","10.5237/6E60-04A2"
"Q13103124","10.5237/9802-2EBE"
"Q14437403","10.5237/DE12-12CB"
"Q14481463","10.5237/3D2C-2797"
"Q16220833","10.5237/148A-7BE9"
"Q16419434","10.5237/09E6-67A8"
"Q16513838","10.5237/4B18-645B"
"Q16949440","10.5237/1AC3-E829"
"Q17082833","10.5237/E732-6543"
"Q17083933","10.5237/35EC-13D8"
"Q17770632","10.5237/0D5B-3699"
"Q18070515","10.5237/C262-DBF8"
"Q19309961","10.5237/00A3-8264"
"Q19751757","10.5237/1429-A584"
"Q20978608","10.5237/2FAA-CFB1"
"Q22019353","10.5237/78DA-FABF"
"Q22116885","10.5237/0FB1-1A99"
"Q23023125","10.5237/71C5-B1F8"
"Q24760226","10.5237/E70C-61DF"
"Q28071521","10.5237/FEAA-B966"
"Q52232930","10.5237/8553-E305"
"Q55508943","10.5237/9864-D6DE"
"Q63644113","10.5237/6A25-D9CC"
"Q65116473","10.5237/AED7-3A60"
"Q77977221","10.5237/A0B0-5C79"
"Q78475820","10.5237/78CD-B6B2"
"Q78631420","10.5237/9781-0CEE"
"Q78787654","10.5237/0928-6BD7"
"Q80174913","10.5237/AE0A-CEAC"
"Q80177162","10.5237/73CA-5A07"
"Q85971242","10.5237/9FA7-F5C0"
"Q89105053","10.5237/FF24-CC7B"
"Q92780901","10.5237/A2EF-6B03"
"Q95402668","10.5237/1AEE-E277"
"Q97460967","10.5237/5840-23BD"
"Q98071103","10.5237/0C2C-1923"
"Q100600872","10.5237/6086-4ECE"
"Q100687578","10.5237/F55D-C4A6"
"Q100707511","10.5237/B6CC-3E5D"
"Q101159239","10.5237/9352-2391"
"Q104866309","10.5237/F4C9-D981"
"Q104866350","10.5237/F1C4-89B4"
"Q107009153","10.5237/40D3-FD23"
"Q107139525","10.5237/E075-0E54"
"Q107139546","10.5237/E327-35D2"
"Q107658628","10.5237/52C7-4FC2"
"Q107676642","10.5237/A5AA-9C70"
"Q107711645","10.5237/1363-1463"
"Q107832772","10.5237/6E82-5372"
"Q107920207","10.5237/6D98-4E33"
"Q107935270","10.5237/A27F-3094"
"Q108108296","10.5237/3CFB-B377"
"Q108133627","10.5237/64D1-35E6"
"Q108168972","10.5237/9943-FBE8"
"Q108178046","10.5237/C8DE-5CDD"
"Q108784264","10.5237/FE0A-3778"
"Q108872988","10.5237/B596-A4AA"
"Q108913822","10.5237/AB2E-11DA"
"Q110703721","10.5237/7DF5-F9AC"
"Q110973490","10.5237/1750-FF2E"
"Q112749789","10.5237/0E01-AA59"
"Q113220333","10.5237/6050-B467"
"Q113644926","10.5237/7D2E-AB00"
"Q115245013","10.5237/AE4A-3DC6"
"Q115489844","10.5237/38AB-B974"
"Q116766736","10.5237/A02D-7117"
"Q116856047","10.5237/E553-40FD"
"Q117788638","10.5237/B6BF-FDBF"
"Q118390865","10.5237/6C1A-4758"
"Q123038445","10.5237/5720-A467"
"Q301092","10.5237/86A3-6768"
"Q574625","10.5237/4A84-1495"
"Q577589","10.5237/2688-B456"
"Q679912","10.5237/78D3-5D35"
"Q1124579","10.5237/D422-AC47"
"Q1146587","10.5237/38C4-F5CE"
"Q1324070","10.5237/22AA-DF13"
"Q1419926","10.5237/C890-A9A3"
"Q2748604","10.5237/734A-78EF"
"Q2873244","10.5237/CD7A-9E10"
"Q3392176","10.5237/FDF4-6072"
"Q3492475","10.5237/1A9E-8435"
"Q4044503","10.5237/E834-2FA6"
"Q4127371","10.5237/2E55-B99B"
"Q4241295","10.5237/171A-2B8D"
"Q4341103","10.5237/E785-01B9"
"Q4504080","10.5237/EECB-C0A2"
"Q4920477","10.5237/3A37-682D"
"Q5434191","10.5237/35DF-F568"
"Q5641909","10.5237/C362-2065"
"Q5672652","10.5237/223B-5218"
"Q5674985","10.5237/A8B7-49B5"
"Q5839228","10.5237/8B14-DFE3"
"Q6024105","10.5237/CFCA-D840"
"Q6033386","10.5237/62CF-7D09"
"Q6062591","10.5237/D4B0-DB4E"
"Q6071133","10.5237/4D2D-0CAB"
"Q6407309","10.5237/52A2-6EEC"
"Q7050801","10.5237/093F-ED30"
"Q7359543","10.5237/B1DE-88C2"
"Q7367039","10.5237/B973-EF84"
"Q7560946","10.5237/1B0C-522B"
"Q7634417","10.5237/37B2-CB69"
"Q10453214","10.5237/450A-F8F5"
"Q10495171","10.5237/3EA2-A309"
"Q10512753","10.5237/356F-0A59"
"Q10539697","10.5237/C776-485F"
"Q10581511","10.5237/2906-011D"
"Q11352124","10.5237/FAD9-4C99"
"Q13157864","10.5237/E003-59BB"
"Q15993918","10.5237/35F9-FAB2"
"Q17063093","10.5237/5641-3D4D"
"Q17145684","10.5237/1BF6-528B"
"Q18603738","10.5237/780A-6EE3"
"Q19295678","10.5237/BD09-5B9C"
"Q19612500","10.5237/3D26-65C1"
"Q19903792","10.5237/BDDD-1EC5"
"Q20226339","10.5237/BDF7-3DA5"
"Q20226881","10.5237/E02A-D2BA"
"Q21087048","10.5237/745B-0F25"
"Q77976354","10.5237/B5E9-D934"
"Q78156573","10.5237/71FB-1A8B"
"Q78156601","10.5237/D793-C10B"
"Q78157042","10.5237/BB3C-62AC"
"Q78158192","10.5237/8532-04F3"
"Q78346337","10.5237/FFC9-B837"
"Q78790512","10.5237/D864-61A8"
"Q79586112","10.5237/AED5-3B97"
"Q80176500","10.5237/1CB4-C928"
"Q89099168","10.5237/42A3-1F2C"
"Q89197376","10.5237/5553-A2AE"
"Q90141683","10.5237/DE64-1E3C"
"Q93437477","10.5237/125A-F3B6"
"Q94631988","10.5237/CB33-C96D"
"Q96215903","10.5237/D7B4-67A8"
"Q98210833","10.5237/7996-2827"
"Q98215498","10.5237/3CF7-48EA"
"Q100706048","10.5237/9A70-C4CE"
"Q101188727","10.5237/1BE4-3098"
"Q101208746","10.5237/A2B3-6FC6"
"Q102036083","10.5237/E5EF-67D1"
"Q107111800","10.5237/CF6A-F0FB"
"Q107585906","10.5237/060A-0F01"
"Q107600407","10.5237/5FEA-8972"
"Q110899491","10.5237/E859-FA33"
"Q112232667","10.5237/B4CA-8435"
"Q112745642","10.5237/D204-C42D"
"Q112750210","10.5237/E87F-CE4D"
"Q113843887","10.5237/9C81-F0F6"
"Q119812136","10.5237/F40C-78C2"
"Q121144120","10.5237/6C80-A422"
"Q121299140","10.5237/87D3-24C8"
"Q122998871","10.5237/C0A5-D978"
"Q72081","10.5237/E900-9531"
"Q200976","10.5237/E41A-3DB1"
"Q219135","10.5237/FA69-C063"
"Q457893","10.5237/A3EC-0232"
"Q465224","10.5237/3EB0-832B"
"Q467348","10.5237/E7C5-F689"
"Q541667","10.5237/D876-3372"
"Q567633","10.5237/2812-8954"
"Q678058","10.5237/244C-70B8"
"Q1136277","10.5237/9A1B-ACDD"
"Q2060840","10.5237/8D17-C91C"
"Q2138792","10.5237/8A63-C534"
"Q2245650","10.5237/EE82-16C7"
"Q2371191","10.5237/41A6-20E4"
"Q2415769","10.5237/1423-44B7"
"Q2420344","10.5237/AF0E-9FCC"
"Q2717612","10.5237/9185-3E75"
"Q2818996","10.5237/D28A-1C5F"
"Q2939795","10.5237/9ABE-1C2F"
"Q3700480","10.5237/53F7-9F7A"
"Q3991282","10.5237/2C5B-ACFC"
"Q4010298","10.5237/119A-5E98"
"Q4035093","10.5237/B3A9-329F"
"Q4631061","10.5237/BAE8-602E"
"Q4683944","10.5237/273D-8E5A"
"Q4707117","10.5237/DFF0-09C3"
"Q4752661","10.5237/3FE2-E1F5"
"Q4970126","10.5237/C002-20E8"
"Q5131896","10.5237/6D2A-E2CB"
"Q5189359","10.5237/5E16-34A2"
"Q5414361","10.5237/8E3A-3F4A"
"Q5448989","10.5237/3BD6-26B3"
"Q5583638","10.5237/628B-2BD0"
"Q5680824","10.5237/270D-077B"
"Q5903471","10.5237/11AB-C5EB"
"Q6516806","10.5237/FBCC-5A67"
"Q6745872","10.5237/3A1E-38E9"
"Q7196772","10.5237/A9A3-4374"
"Q7263919","10.5237/8E4D-E670"
"Q7273145","10.5237/8CA0-651F"
"Q7421058","10.5237/F9EE-FD6F"
"Q7452222","10.5237/AFD4-65ED"
"Q7512312","10.5237/1F35-1642"
"Q7698270","10.5237/6DCE-3E50"
"Q7801550","10.5237/39D0-7364"
"Q7962257","10.5237/380D-6FFC"
"Q7969872","10.5237/D57F-89FC"
"Q7969876","10.5237/D41D-8CD9"
"Q8036489","10.5237/0904-212B"
"Q8069122","10.5237/E525-4240"
"Q8069350","10.5237/23B7-7D7F"
"Q16242963","10.5237/5569-C99A"
"Q16632366","10.5237/244C-33CC"
"Q16839205","10.5237/02A0-3B06"
"Q16955312","10.5237/409C-BFBA"
"Q17037404","10.5237/8B8A-45AB"
"Q18207711","10.5237/84B7-5C24"
"Q18219579","10.5237/CB29-E60F"
"Q18219588","10.5237/1AB8-115E"
"Q21036756","10.5237/2475-FCBA"
"Q21810681","10.5237/020D-A55B"
"Q22021534","10.5237/8380-7746"
"Q22085360","10.5237/D32D-1962"
"Q28024354","10.5237/D790-F556"
"Q30255906","10.5237/305C-BD5E"
"Q30291863","10.5237/20DD-FA0A"
"Q31180999","10.5237/B0A3-8029"
"Q41511576","10.5237/104C-D4E6"
"Q54805286","10.5237/B040-787E"
"Q63537654","10.5237/288B-9CFA"
"Q48340","10.5237/20AE-227F"
"Q86750090","10.5237/F786-9ECE"
"Q91336376","10.5237/BD88-5270"
"Q92999549","10.5237/2A49-D25C"
"Q96376054","10.5237/7130-A3DA"
"Q106027564","10.5237/D40A-EA51"
"Q107027345","10.5237/C053-2320"
"Q108560833","10.5237/88DA-3A2A"
"Q113071294","10.5237/E276-7F9C"
"Q116188737","10.5237/A520-85FA"
"Q118849627","10.5237/CC97-EC38"
"Q119941307","10.5237/A63A-0B08"
"Q122955535","10.5237/3754-81F5"
"Q123137578","10.5237/5450-1085"
"Q166419","10.5237/6BC9-C7E5"
"Q369786","10.5237/B3FC-39C7"
"Q465832","10.5237/C1E1-C447"
"Q477943","10.5237/8914-D7DE"
"Q500088","10.5237/2BB8-DD6A"
"Q618091","10.5237/8F01-81B7"
"Q622848","10.5237/FBF8-C3CD"
"Q624886","10.5237/671D-4889"
"Q649649","10.5237/6769-FC86"
"Q651228","10.5237/31D9-85ED"
"Q798768","10.5237/22B6-B92B"
"Q812893","10.5237/F121-EB08"
"Q844652","10.5237/16A3-C04D"
"Q885885","10.5237/9107-73A8"
"Q908662","10.5237/C9C1-CFB3"
"Q917869","10.5237/0612-9889"
"Q1128577","10.5237/B5C6-3538"
"Q1136177","10.5237/3ECA-0BDD"
"Q1166160","10.5237/0051-DBC8"
"Q1348264","10.5237/1527-F1EE"
"Q1475707","10.5237/9D02-8C07"
"Q1584317","10.5237/C0E0-A2F9"
"Q1706678","10.5237/6466-304E"
"Q2579492","10.5237/167B-F4A2"
"Q2861046","10.5237/2EAF-75DC"
"Q2865801","10.5237/2F80-8338"
"Q2902139","10.5237/5519-7D38"
"Q2906631","10.5237/5B10-7AD3"
"Q2927617","10.5237/C474-E012"
"Q2931045","10.5237/E35F-1AC6"
"Q3005562","10.5237/03F4-F3C8"
"Q3046330","10.5237/D1CC-E082"
"Q3098606","10.5237/91F2-0A79"
"Q3109988","10.5237/DE46-E074"
"Q3620821","10.5237/C700-85E7"
"Q3704004","10.5237/AEF0-DBB8"
"Q3712525","10.5237/751F-FF05"
"Q3772936","10.5237/18CF-CB10"
"Q4306553","10.5237/95F1-867E"
"Q4411312","10.5237/A4AC-668E"
"Q4411312","10.5237/F987-72ED"
"Q4780593","10.5237/3F34-E36F"
"Q4816418","10.5237/8C35-0091"
"Q4822585","10.5237/84D2-28BE"
"Q4826385","10.5237/3309-BB50"
"Q4856237","10.5237/85A6-0E8C"
"Q4879144","10.5237/5BEB-CF27"
"Q4928562","10.5237/1625-C97E"
"Q4958364","10.5237/6630-4533"
"Q4968078","10.5237/BA78-9FC6"
"Q4980924","10.5237/89BB-1E4F"
"Q5009262","10.5237/6D09-D06D"
"Q5025938","10.5237/A446-7699"
"Q5035471","10.5237/1D5A-4172"
"Q5122739","10.5237/3BA3-2B7A"
"Q5189389","10.5237/84ED-9AFC"
"Q5223268","10.5237/CDF6-FB61"
"Q5249982","10.5237/FF26-F539"
"Q5357370","10.5237/FE86-88CF"
"Q5462409","10.5237/438D-967B"
"Q5593631","10.5237/46E3-BC0D"
"Q5598045","10.5237/C562-2F91"
"Q5604071","10.5237/FA93-CF03"
"Q5685696","10.5237/255B-AE4B"
"Q5876554","10.5237/1933-B4D3"
"Q8214167","10.5237/5C9B-8CC4"
"Q11950961","10.5237/A8AF-2823"
"Q16155590","10.5237/674D-FF9B"
"Q16240771","10.5237/96B2-E185"
"Q16249615","10.5237/6004-FA70"
"Q16251300","10.5237/A845-C361"
"Q16634789","10.5237/B4C0-3557"
"Q16962429","10.5237/9ED4-537D"
"Q16984664","10.5237/B8E6-A4BB"
"Q16991978","10.5237/61FF-8FF4"
"Q17275678","10.5237/BD2D-35C3"
"Q17335620","10.5237/30ED-A3AB"
"Q17335666","10.5237/A2FC-01D5"
"Q18149793","10.5237/766D-FDAD"
"Q18694578","10.5237/36E8-9F6B"
"Q21280723","10.5237/6A26-BE40"
"Q22673821","10.5237/9C1A-50BA"
"Q27561052","10.5237/4455-5B60"
"Q63612600","10.5237/2847-123A"
"Q65081856","10.5237/5BAA-812B"
"Q66424714","10.5237/3CD9-0FFC"
"Q28252","10.5237/BB4A-4717"
"Q78187135","10.5237/D728-73D3"
"Q78787466","10.5237/197F-D64C"
"Q106412820","10.5237/097C-1B93"
"Q106493813","10.5237/41E7-EEAE"
"Q106936157","10.5237/22B0-873B"
"Q107658270","10.5237/5E75-C22D"
"Q108148358","10.5237/FCE5-8AD2"
"Q119360981","10.5237/A119-581A"
"Q119519808","10.5237/6C46-81EB"
"Q120304816","10.5237/3F80-B6FB"
"Q121079388","10.5237/D07C-EBD6"
"Q122955573","10.5237/6178-4511"
"Q122998768","10.5237/AE72-003E"
"Q79202","10.5237/E00B-F757"
"Q157118","10.5237/4BE5-DF8E"
"Q167186","10.5237/C9EC-FD3B"
"Q188740","10.5237/57B7-B773"
"Q511731","10.5237/6C8A-4F1C"
"Q557387","10.5237/0B3D-B26F"
"Q615141","10.5237/61C5-086B"
"Q621364","10.5237/5538-B194"
"Q650331","10.5237/BC49-8B75"
"Q682748","10.5237/49B9-FF90"
"Q775450","10.5237/4809-075B"
"Q891732","10.5237/D047-AB62"
"Q905791","10.5237/2557-BCF8"
"Q912601","10.5237/6B93-D557"
"Q1111024","10.5237/242A-F780"
"Q1148711","10.5237/A8B3-C5A2"
"Q1152955","10.5237/14C5-978D"
"Q1402636","10.5237/2ADF-97C4"
"Q1535748","10.5237/0F47-CDBA"
"Q1626895","10.5237/3F91-F57F"
"Q1722143","10.5237/3351-8DBB"
"Q1785329","10.5237/D109-653F"
"Q2407366","10.5237/B7C2-B047"
"Q2669403","10.5237/DD75-D80D"
"Q2702789","10.5237/5F89-E1CF"
"Q2877626","10.5237/4C5C-FE3A"
"Q3008749","10.5237/BA20-F4C3"
"Q3067564","10.5237/F7F6-B965"
"Q3151648","10.5237/6095-EF28"
"Q3194369","10.5237/0128-9BC6"
"Q3242008","10.5237/9634-CEE3"
"Q3285496","10.5237/6D1F-4B73"
"Q3358940","10.5237/CCF3-0328"
"Q3401312","10.5237/E386-845B"
"Q3808346","10.5237/BD0B-721B"
"Q3808345","10.5237/79AD-AE11"
"Q3843364","10.5237/708C-92E0"
"Q3880776","10.5237/68C2-2FDF"
"Q4043290","10.5237/2CCC-8EB1"
"Q6014742","10.5237/87F4-9F02"
"Q6047187","10.5237/9C80-0BC4"
"Q6073094","10.5237/BE3F-0A6A"
"Q6075035","10.5237/F506-8AB6"
"Q6107567","10.5237/4842-84B0"
"Q6155948","10.5237/A703-0F19"
"Q6373523","10.5237/439C-027F"
"Q6717433","10.5237/0DC5-0FC2"
"Q6820801","10.5237/D8FE-AC27"
"Q6948183","10.5237/AAB7-BEA7"
"Q6972872","10.5237/800D-43CF"
"Q7058641","10.5237/2E59-46F4"
"Q7060834","10.5237/5548-1BE1"
"Q7073917","10.5237/76D8-C1FB"
"Q7102562","10.5237/79CA-1EFB"
"Q7102772","10.5237/CFB4-ED76"
"Q7112041","10.5237/B721-39FE"
"Q7122712","10.5237/3C3B-C3FC"
"Q7155151","10.5237/5BE0-1FAA"
"Q7247721","10.5237/FADB-516A"
"Q7250053","10.5237/383E-01A2"
"Q7250799","10.5237/E992-3605"
"Q7276847","10.5237/FEB9-A3FB"
"Q7286715","10.5237/539D-7FC3"
"Q11882864","10.5237/5FD7-5FBB"
"Q11887890","10.5237/3864-9D24"
"Q16253226","10.5237/B14B-4084"
"Q16254330","10.5237/47AC-0CB9"
"Q16977035","10.5237/49EC-C556"
"Q16986509","10.5237/F217-D454"
"Q16997967","10.5237/043C-2CE8"
"Q16998082","10.5237/E6C5-65F1"
"Q17086011","10.5237/B734-293F"
"Q17092493","10.5237/FFE7-5699"
"Q17128241","10.5237/DC67-B85A"
"Q17305144","10.5237/48CB-AD48"
"Q17371406","10.5237/99C5-81DF"
"Q18153385","10.5237/7A40-6C79"
"Q18754940","10.5237/B392-3465"
"Q20827684","10.5237/9A0D-27C8"
"Q20873087","10.5237/B16E-1B01"
"Q21283207","10.5237/557B-D612"
"Q21292719","10.5237/E62B-ED8E"
"Q26966398","10.5237/4593-5A9B"
"Q48976518","10.5237/8DFD-530A"
"Q56247596","10.5237/7F85-8FA2"
"Q60238569","10.5237/CDE2-8B08"
"Q61225925","10.5237/1C61-5E53"
"Q64007570","10.5237/CF4B-ADC7"
"Q64960823","10.5237/4634-7B29"
"Q65084821","10.5237/B2E3-3C76"
"Q66730451","10.5237/9842-7277"
"Q7414","10.5237/1D33-11A5"
"Q23589","10.5237/9A79-BFEF"
"Q24679","10.5237/BF80-4787"
"Q109253079","10.5237/980C-9D46"
"Q111103108","10.5237/E1DD-9E84"
"Q113773691","10.5237/878C-7A01"
"Q121034314","10.5237/DE44-0B95"
"Q121057858","10.5237/5707-0438"
"Q121143683","10.5237/6AE2-4795"
"Q121223543","10.5237/1725-809F"
"Q122950077","10.5237/2F1D-35D6"
"Q122951666","10.5237/5BE7-697F"
"Q122998913","10.5237/0664-E301"
"Q126399","10.5237/A929-C667"
"Q371400","10.5237/FD73-E534"
"Q466459","10.5237/AB09-C69A"
"Q497155","10.5237/3477-963B"
"Q540122","10.5237/28F9-2CD7"
"Q544150","10.5237/B0D8-5AE4"
"Q632323","10.5237/8BFE-56AE"
"Q640786","10.5237/409D-8B22"
"Q652390","10.5237/DB4F-2450"
"Q951774","10.5237/B10E-021F"
"Q953040","10.5237/6499-56D0"
"Q1047410","10.5237/E872-28B7"
"Q1138789","10.5237/B7F9-BDF4"
"Q1149935","10.5237/104F-D9BD"
"Q1188938","10.5237/6495-D852"
"Q1283484","10.5237/2CB3-4ACF"
"Q1337530","10.5237/7731-4776"
"Q1370297","10.5237/72FC-9773"
"Q1459090","10.5237/2E1C-B4D5"
"Q1585284","10.5237/2C61-552D"
"Q1637250","10.5237/CE6F-1098"
"Q1638321","10.5237/1313-50DA"
"Q1755165","10.5237/E233-4623"
"Q1796719","10.5237/FBF8-6033"
"Q2079232","10.5237/6589-F48A"
"Q2698248","10.5237/43B5-1BE5"
"Q2714630","10.5237/AFF6-98C9"
"Q2719775","10.5237/C409-A8BB"
"Q2721586","10.5237/B037-7492"
"Q2893859","10.5237/9C2E-12BB"
"Q3067892","10.5237/05F7-82F3"
"Q3088127","10.5237/31DE-E215"
"Q3298993","10.5237/3755-8702"
"Q3420434","10.5237/AEE6-B8C0"
"Q3550689","10.5237/3872-B6AF"
"Q3551276","10.5237/46EA-A7B6"
"Q3964860","10.5237/EB29-B14C"
"Q4853294","10.5237/5B3F-4F38"
"Q5403512","10.5237/CBC2-C017"
"Q7295254","10.5237/6265-C429"
"Q7573630","10.5237/A408-6D8C"
"Q7575889","10.5237/7D65-0F3F"
"Q7621235","10.5237/E5E9-D59D"
"Q7733855","10.5237/6393-EA26"
"Q7733857","10.5237/54D3-65E8"
"Q7797072","10.5237/8716-C8DB"
"Q7801831","10.5237/2478-F384"
"Q7804805","10.5237/90EB-ECC8"
"Q7817481","10.5237/B30D-B1CD"
"Q7855903","10.5237/8EED-9CB4"
"Q7860124","10.5237/45E5-D34C"
"Q7916154","10.5237/E303-9787"
"Q7920227","10.5237/8D16-8157"
"Q7923503","10.5237/28C4-D879"
"Q7924442","10.5237/A59E-CC68"
"Q7943490","10.5237/0946-7064"
"Q7949667","10.5237/7327-FB4A"
"Q7996335","10.5237/9C62-8FD7"
"Q8021105","10.5237/AD8A-C616"
"Q8033895","10.5237/B1FF-1102"
"Q8036486","10.5237/2B3C-3D64"
"Q8036645","10.5237/7D72-A05D"
"Q8049324","10.5237/39E7-66D5"
"Q8068615","10.5237/0848-8BB1"
"Q8072859","10.5237/2AC6-5FA5"
"Q10719511","10.5237/F9AB-C635"
"Q14409149","10.5237/649A-54A1"
"Q16672698","10.5237/2B39-7E10"
"Q17037124","10.5237/3444-2AE6"
"Q17092884","10.5237/E7B7-3B24"
"Q17300077","10.5237/567D-70D3"
"Q17305142","10.5237/C35A-7A0B"
"Q17335612","10.5237/8C75-2CCA"
"Q17386965","10.5237/CF63-A6DB"
"Q21280724","10.5237/5791-9A3A"
"Q21281988","10.5237/5FF9-61C9"
"Q24818133","10.5237/3720-0E14"
"Q25169853","10.5237/259E-8A4C"
"Q34686947","10.5237/ED0A-2A2A"
"Q47153414","10.5237/8425-863D"
"Q50233538","10.5237/FDB1-802B"
"Q60886316","10.5237/2410-36D6"
"Q72398598","10.5237/E831-1A88"
"Q89574551","10.5237/B8E6-8E96"
"Q96277099","10.5237/D2C9-09A7"
"Q108535487","10.5237/16D0-4FAC"
"Q114187914","10.5237/552A-4D23"
"Q121034189","10.5237/DE0E-2D29"
"Q121034247","10.5237/87C4-74BF"
"Q121034244","10.5237/1760-D2F2"
"Q121034293","10.5237/0E28-6E1D"
"Q121034474","10.5237/4EBC-2963"
"Q121034537","10.5237/B65F-EAC0"
"Q121034589","10.5237/ED79-2814"
"Q121034584","10.5237/FF1F-CE25"
"Q121034725","10.5237/A785-7A42"
"Q121034735","10.5237/CE11-D93A"
"Q121035281","10.5237/B5DB-05C6"
"Q121035557","10.5237/842E-510C"
"Q121035590","10.5237/DE4B-F26D"
"Q121035600","10.5237/FEE3-EF85"
"Q121035652","10.5237/3043-55CD"
"Q121035989","10.5237/961A-F288"
"Q121036032","10.5237/A30A-86DE"
"Q121078854","10.5237/C067-EBF3"
"Q121079014","10.5237/65F6-AE5F"
"Q121079103","10.5237/EB9F-E77D"
"Q121079243","10.5237/B02D-C0C4"
"Q121079244","10.5237/2AEF-3181"
"Q121086065","10.5237/AB45-FF98"
"Q121086150","10.5237/432D-2DD5"
"Q121091264","10.5237/B491-7A26"
"Q121091356","10.5237/7056-6351"
"Q121091449","10.5237/F22B-0C2B"
"Q121126069","10.5237/14AF-EA4B"
"Q121126233","10.5237/06EF-25F7"
"Q121126329","10.5237/4556-1C0E"
"Q121126354","10.5237/1991-D05B"
"Q121126423","10.5237/2930-8ED6"
"Q121126947","10.5237/52C3-1281"
"Q121143851","10.5237/C651-FA0B"
"Q121159800","10.5237/DB5C-F04B"
"Q121159982","10.5237/7F8F-208B"
"Q121159976","10.5237/5ECC-1A2C"
"Q121222671","10.5237/685C-04A2"
"Q121222733","10.5237/0BA2-5FB8"
"Q121223181","10.5237/5333-CD07"
"Q121223257","10.5237/D764-AC8F"
"Q121223553","10.5237/6796-EB91"
"Q121270732","10.5237/7BBD-29F6"
"Q121271158","10.5237/EA8B-9E22"
"Q121298765","10.5237/63A3-3D75"
"Q121298782","10.5237/03C5-1CD7"
"Q121299068","10.5237/2054-8C06"
"Q121299105","10.5237/C6D7-934E"
"Q121299436","10.5237/E4B1-CA94"
"Q121299538","10.5237/863A-D97B"
"Q121315088","10.5237/8188-259B"
"Q121315469","10.5237/8B4D-7AD3"
"Q121315647","10.5237/A618-2CA1"
"Q121337052","10.5237/1989-248E"
"Q121337125","10.5237/B5CC-B97A"
"Q121337134","10.5237/3CC2-C923"
"Q121337303","10.5237/4C50-05B5"
"Q121337577","10.5237/4ABC-3F7E"
"Q121357744","10.5237/3604-1C2D"
"Q121357815","10.5237/D993-0BD2"
"Q121357880","10.5237/C87C-165C"
"Q122950141","10.5237/6A67-07BE"
"Q122950441","10.5237/71C8-9DE6"
"Q122950807","10.5237/35F1-8C9F"
"Q122950818","10.5237/D018-393A"
"Q122951612","10.5237/8813-7816"
"Q797084","10.5237/9E5B-5C4A"
"Q2649438","10.5237/8F15-65A0"
"Q2823598","10.5237/A5C5-8412"
"Q2833663","10.5237/A0CE-6800"
"Q4636285","10.5237/73F6-2ACB"
"Q4682066","10.5237/8419-B16E"
"Q4692877","10.5237/36DC-8AD5"
"Q4732568","10.5237/30E4-D070"
"Q4742003","10.5237/7198-85EB"
"Q4743771","10.5237/95C4-E2E1"
"Q4790142","10.5237/311F-7FD9"
"Q4816516","10.5237/990D-E443"
"Q4824329","10.5237/2730-3B64"
"Q4835390","10.5237/7CB3-B046"
"Q4864505","10.5237/4097-00FE"
"Q15541465","10.5237/5609-CFAC"
"Q15784205","10.5237/F3F9-C2B3"
"Q16529036","10.5237/E270-9C58"
"Q16820267","10.5237/9499-7A34"
"Q17346715","10.5237/9CFF-DDDA"
"Q17371422","10.5237/DA46-C00C"
"Q17377468","10.5237/02B3-E075"
"Q17386418","10.5237/7E28-4F42"
"Q25267461","10.5237/2435-E47D"
"Q25713854","10.5237/6458-0DBD"
"Q25857997","10.5237/58CC-14B0"
"Q51816615","10.5237/A0A7-15D4"
"Q105166378","10.5237/573B-5539"
"Q106960242","10.5237/D0C8-59D7"
"Q112633366","10.5237/73AB-CE8F"
"Q121034348","10.5237/9337-8B37"
"Q121034604","10.5237/84EA-A381"
"Q121034620","10.5237/0783-BB2A"
"Q121034623","10.5237/67AD-0CBE"
"Q121034782","10.5237/8F06-58E5"
"Q121034967","10.5237/6746-5DF3"
"Q121035050","10.5237/E61D-D6CD"
"Q121035213","10.5237/16D9-6BE5"
"Q121035338","10.5237/9AAD-1DFC"
"Q121035445","10.5237/EF68-7F49"
"Q121035993","10.5237/0D93-0B4E"
"Q121036042","10.5237/6B29-BDDD"
"Q121057957","10.5237/090B-74F9"
"Q121078919","10.5237/2C45-35ED"
"Q121078932","10.5237/D320-65AC"
"Q121079110","10.5237/2B2B-DA9C"
"Q121079153","10.5237/57CC-C0AC"
"Q121079338","10.5237/4497-BB5D"
"Q121079362","10.5237/CEAC-D8C8"
"Q121079437","10.5237/2BFD-1FCC"
"Q121079453","10.5237/92EB-678E"
"Q121086175","10.5237/C6D3-FC25"
"Q121091120","10.5237/219B-2978"
"Q121143637","10.5237/EC41-FF36"
"Q121143668","10.5237/5A35-7A1F"
"Q121143960","10.5237/B725-3017"
"Q121144148","10.5237/D72F-8467"
"Q121144144","10.5237/310F-DDFC"
"Q121160029","10.5237/DECC-7D6E"
"Q121222561","10.5237/8257-039B"
"Q121223277","10.5237/7E2F-7D2F"
"Q121223523","10.5237/7F4F-D414"
"Q121271428","10.5237/DA8A-99A1"
"Q121271430","10.5237/6B21-BA54"
"Q121271479","10.5237/CAE5-CB40"
"Q121271519","10.5237/E752-CB41"
"Q121299042","10.5237/E8B4-186C"
"Q121299162","10.5237/FE5E-FD66"
"Q121299298","10.5237/C298-7979"
"Q121299345","10.5237/05C9-1F7D"
"Q121299459","10.5237/6409-3938"
"Q121315085","10.5237/38F5-0CD1"
"Q121315120","10.5237/1DB4-D8B0"
"Q121315426","10.5237/4150-642C"
"Q121315527","10.5237/6D95-3387"
"Q121337093","10.5237/07BA-7416"
"Q121337258","10.5237/7299-5ADD"
"Q121337292","10.5237/3DC1-8BF4"
"Q121337537","10.5237/D51A-D32D"
"Q121337637","10.5237/A9A2-2E3F"
"Q121337653","10.5237/5DB2-EB06"
"Q121337719","10.5237/EA15-673E"
"Q122950130","10.5237/906D-C080"
"Q122950162","10.5237/B1E3-A105"
"Q122950821","10.5237/53AF-A535"
"Q122951624","10.5237/DC22-E33E"
"Q122951639","10.5237/DEE5-5946"
"Q626323","10.5237/F76F-B4BE"
"Q858937","10.5237/D4A9-44C7"
"Q915718","10.5237/7878-08B6"
"Q1044291","10.5237/647E-9E68"
"Q2270552","10.5237/5A44-1188"
"Q2900022","10.5237/F286-BBF4"
"Q2910219","10.5237/D4F0-6B4B"
"Q2926174","10.5237/D2E2-C969"
"Q2938735","10.5237/7F99-9948"
"Q2963175","10.5237/D217-95BC"
"Q2973049","10.5237/E833-4ACD"
"Q2973075","10.5237/C911-47B1"
"Q4906369","10.5237/E39A-85C0"
"Q4928436","10.5237/9FFB-4385"
"Q4930036","10.5237/3D7D-9E82"
"Q4959677","10.5237/0134-D301"
"Q5000499","10.5237/B4A4-7B8E"
"Q5025981","10.5237/9AA7-6965"
"Q5035871","10.5237/E8D4-1991"
"Q5050140","10.5237/0B53-2E51"
"Q5118178","10.5237/2672-30A1"
"Q5119335","10.5237/8719-FE00"
"Q5120764","10.5237/8459-2BB9"
"Q5120868","10.5237/D731-B5DE"
"Q11945143","10.5237/A528-4857"
"Q16985548","10.5237/D20B-27B8"
"Q16988055","10.5237/B8EA-82DA"
"Q17335735","10.5237/8161-4DB9"
"Q17335799","10.5237/B899-6404"
"Q17377891","10.5237/F213-133F"
"Q17386859","10.5237/7752-0B5A"
"Q18219569","10.5237/6A42-6A2C"
"Q21743237","10.5237/3855-F6BC"
"Q24577172","10.5237/9A36-FCA8"
"Q24817339","10.5237/DE76-7526"
"Q24849389","10.5237/6D1F-CB2E"
"Q25112064","10.5237/935B-D2DE"
"Q25266020","10.5237/94B9-70CA"
"Q28122092","10.5237/5472-1C7C"
"Q54231866","10.5237/EA83-D062"
"Q62513176","10.5237/DCF3-5AF6"
"Q65589027","10.5237/467D-2B7C"
"Q89098675","10.5237/CF28-F591"
"Q98071248","10.5237/E8F7-1B2F"
"Q104422305","10.5237/D8E9-F6C3"
"Q108403277","10.5237/0001-28D5"
"Q121034200","10.5237/BD7D-D369"
"Q121034201","10.5237/ABF4-3F09"
"Q121034339","10.5237/5A19-EC32"
"Q121034510","10.5237/985D-3F15"
"Q121034611","10.5237/7059-1BAB"
"Q121034619","10.5237/10C6-ABB6"
"Q121034619","10.5237/9C27-076A"
"Q121034690","10.5237/1717-7197"
"Q121034681","10.5237/1B34-C807"
"Q121034716","10.5237/8AC9-2F6B"
"Q121035068","10.5237/22A2-C8BF"
"Q121035081","10.5237/0A42-771D"
"Q121035333","10.5237/A2C2-2135"
"Q121035372","10.5237/2850-7E5D"
"Q121035376","10.5237/C287-591B"
"Q121035386","10.5237/D5FF-7DA8"
"Q121035486","10.5237/3260-6CD5"
"Q121035498","10.5237/17FD-3218"
"Q121078761","10.5237/73A0-8EF0"
"Q121079139","10.5237/C545-36FB"
"Q121079180","10.5237/4390-BF1B"
"Q121091027","10.5237/2C82-4BAE"
"Q121091057","10.5237/1F90-F659"
"Q121091101","10.5237/A53E-586E"
"Q121091197","10.5237/477F-A646"
"Q121126229","10.5237/71A5-BAF0"
"Q121126395","10.5237/C5E5-AEB7"
"Q121126436","10.5237/6FC8-96A9"
"Q121126458","10.5237/40EE-7EE9"
"Q121143584","10.5237/989B-1002"
"Q121143831","10.5237/3F17-DCFC"
"Q121143916","10.5237/1CE0-A5BB"
"Q121143947","10.5237/F4B1-9081"
"Q121222883","10.5237/18FE-6784"
"Q121222886","10.5237/98D9-7882"
"Q121223047","10.5237/EC9E-9D91"
"Q121223184","10.5237/A08D-55E5"
"Q121223208","10.5237/0C34-5D01"
"Q121223603","10.5237/1D84-1C8C"
"Q121270789","10.5237/7AF7-68E3"
"Q121270921","10.5237/2A0D-B4B8"
"Q121271012","10.5237/2325-D7A6"
"Q121271032","10.5237/A572-D3D8"
"Q121271256","10.5237/AD16-E09D"
"Q121271316","10.5237/F5CA-1258"
"Q121298693","10.5237/72F1-EBEB"
"Q121298735","10.5237/5F77-CA1A"
"Q121298841","10.5237/DE6B-A40E"
"Q121315142","10.5237/6699-F8D9"
"Q121315227","10.5237/9FDE-DF9D"
"Q121315320","10.5237/8D15-7E75"
"Q121315380","10.5237/385D-F655"
"Q121315440","10.5237/4A28-9AA0"
"Q121315429","10.5237/5ABA-3B22"
"Q121337399","10.5237/2E31-81BE"
"Q121337593","10.5237/4ECB-15D1"
"Q121337631","10.5237/36C7-9468"
"Q121357600","10.5237/2ACE-3971"
"Q121357840","10.5237/503F-5F22"
"Q1207592","10.5237/D088-3DEE"
"Q1250181","10.5237/F2B2-0259"
"Q2793505","10.5237/C30A-9E27"
"Q2996935","10.5237/D0DF-0185"
"Q4353408","10.5237/E5AE-BA6E"
"Q5135688","10.5237/0B9F-8AB4"
"Q5162392","10.5237/2FB3-7D0E"
"Q5172293","10.5237/0C70-A385"
"Q5178874","10.5237/A28A-2A0A"
"Q5182716","10.5237/FC61-7E89"
"Q5191357","10.5237/3FF5-0950"
"Q5204823","10.5237/A7CB-4944"
"Q5207248","10.5237/BD28-B94C"
"Q5209681","10.5237/118D-8A8A"
"Q5333876","10.5237/AE60-E3F3"
"Q5395348","10.5237/D098-85DE"
"Q14630558","10.5237/7F17-0A7F"
"Q15210611","10.5237/7FBD-05FD"
"Q16991797","10.5237/16BA-DE9A"
"Q17278252","10.5237/C847-18BF"
"Q17305163","10.5237/4A9D-8A85"
"Q17305153","10.5237/06A1-7087"
"Q17343544","10.5237/D5AA-C256"
"Q17377479","10.5237/CACF-6753"
"Q17386925","10.5237/4AED-11FD"
"Q17387250","10.5237/FAF2-03F1"
"Q18180863","10.5237/F632-1763"
"Q19947380","10.5237/9F38-6853"
"Q21996315","10.5237/BB82-3F2A"
"Q22079363","10.5237/A43F-CFB3"
"Q25252381","10.5237/EE06-BA1A"
"Q25390743","10.5237/771D-DC2E"
"Q25894734","10.5237/DB06-DB63"
"Q27974435","10.5237/5CE3-05C6"
"Q56307092","10.5237/4937-3C02"
"Q65092093","10.5237/153F-687D"
"Q65092129","10.5237/B44A-4490"
"Q86727941","10.5237/8B04-523B"
"Q96391821","10.5237/AEEC-2F8B"
"Q98270742","10.5237/53EF-74B7"
"Q121034532","10.5237/ED35-CAA8"
"Q121034556","10.5237/1148-62FF"
"Q121034663","10.5237/853C-3342"
"Q121034885","10.5237/AC2A-DC2A"
"Q121035002","10.5237/C854-BCB8"
"Q121035178","10.5237/6268-2168"
"Q121035265","10.5237/5639-2199"
"Q121035436","10.5237/80B2-AA65"
"Q121035703","10.5237/5E67-EEB2"
"Q121035751","10.5237/107B-BA5F"
"Q121035905","10.5237/921E-2530"
"Q121036036","10.5237/7DAC-9FAF"
"Q121057828","10.5237/C65E-D3C7"
"Q121058016","10.5237/EC53-CC9B"
"Q121058070","10.5237/B9FA-D780"
"Q121078834","10.5237/502B-8543"
"Q121078865","10.5237/28CC-4E46"
"Q121078891","10.5237/9849-3DD5"
"Q121078991","10.5237/C6D1-B136"
"Q121086210","10.5237/15D8-7CFC"
"Q121091450","10.5237/4DB2-A2C8"
"Q121126764","10.5237/06A4-55E7"
"Q121126810","10.5237/734F-9FC0"
"Q121126807","10.5237/5AE5-6404"
"Q121126975","10.5237/C8B6-7DBF"
"Q121143595","10.5237/665C-896E"
"Q121143616","10.5237/3257-693E"
"Q121159851","10.5237/4AF7-4C25"
"Q121159875","10.5237/4FE7-6649"
"Q121159897","10.5237/545E-A4C9"
"Q121159942","10.5237/BA76-781C"
"Q121222950","10.5237/64C6-1B70"
"Q121222944","10.5237/46DE-F446"
"Q121223130","10.5237/423F-3115"
"Q121223387","10.5237/0DC1-F73A"
"Q121270754","10.5237/5A63-A5AC"
"Q121270837","10.5237/E06C-9A42"
"Q121270840","10.5237/060D-3C0B"
"Q121271030","10.5237/D343-BA82"
"Q121271234","10.5237/780D-B4B2"
"Q121271409","10.5237/D5D2-8DA2"
"Q121298728","10.5237/9090-06F6"
"Q121298749","10.5237/CFAF-CAD9"
"Q121298879","10.5237/52E7-C0CF"
"Q121299153","10.5237/610C-9ACA"
"Q121299330","10.5237/4D31-F2AE"
"Q121315097","10.5237/20C4-A4FC"
"Q121315125","10.5237/41AA-7393"
"Q121315441","10.5237/78FB-E187"
"Q121337080","10.5237/1978-8BF0"
"Q121337235","10.5237/643E-7D5C"
"Q121337323","10.5237/970D-0B6B"
"Q121337591","10.5237/FEFA-A6E7"
"Q121337615","10.5237/9009-6206"
"Q121357720","10.5237/9F7F-A51C"
"Q121357896","10.5237/D419-ECA8"
"Q122950104","10.5237/C9A6-BC53"
"Q2381773","10.5237/1610-44B4"
"Q2703403","10.5237/794C-1839"
"Q3206016","10.5237/230E-1B83"
"Q3232633","10.5237/E5B9-6494"
"Q3273094","10.5237/53E3-897D"
"Q3275643","10.5237/0227-020D"
"Q3841084","10.5237/ADDA-F1AA"
"Q5972690","10.5237/7024-1252"
"Q6296536","10.5237/87C8-CFF6"
"Q6391437","10.5237/6CD8-C49B"
"Q6411303","10.5237/3A95-4A02"
"Q6535000","10.5237/FB0C-7BFB"
"Q6541977","10.5237/E9B2-8C21"
"Q6730752","10.5237/79E9-CDFA"
"Q7305524","10.5237/8536-2110"
"Q17067490","10.5237/86AC-B90A"
"Q17335582","10.5237/4A24-62E2"
"Q17335699","10.5237/13D7-3B3E"
"Q17343499","10.5237/65DC-8B0E"
"Q17346576","10.5237/3EC3-7B92"
"Q17371327","10.5237/9257-A5F4"
"Q17378004","10.5237/AC08-E7AA"
"Q17386257","10.5237/8CEC-1FC8"
"Q17417784","10.5237/CBD3-EF05"
"Q19004749","10.5237/E041-F3E5"
"Q19544983","10.5237/41B9-9A4B"
"Q19955849","10.5237/EE9C-8746"
"Q20873881","10.5237/2FC9-A7B2"
"Q21008543","10.5237/C59F-220D"
"Q22116620","10.5237/FB67-EABB"
"Q22249125","10.5237/3F93-750D"
"Q24991641","10.5237/F4F6-2478"
"Q25083159","10.5237/61DC-1536"
"Q25354650","10.5237/EF28-A0BF"
"Q25418626","10.5237/390D-9F71"
"Q25655135","10.5237/F389-EAEB"
"Q25796540","10.5237/EB2C-55B7"
"Q52144658","10.5237/F650-C51E"
"Q61942752","10.5237/C18C-BEB9"
"Q108535514","10.5237/6596-16E0"
"Q108535525","10.5237/994E-D016"
"Q111182915","10.5237/19CE-7D77"
"Q112156071","10.5237/D3B5-93BD"
"Q112230603","10.5237/BDB9-5F1D"
"Q121034183","10.5237/5AD9-9169"
"Q121034229","10.5237/FFA8-6CA6"
"Q121034448","10.5237/AB5C-659C"
"Q121034467","10.5237/D136-1586"
"Q121034503","10.5237/CD4E-3466"
"Q121034517","10.5237/300D-542F"
"Q121034572","10.5237/EC31-0742"
"Q121034622","10.5237/FF20-0F25"
"Q121034651","10.5237/124F-9EA0"
"Q121034745","10.5237/3E05-7450"
"Q121034946","10.5237/95B6-D773"
"Q121035193","10.5237/896C-BB93"
"Q121035249","10.5237/0173-2A2E"
"Q121035306","10.5237/A988-8A4E"
"Q121036061","10.5237/89B4-8C48"
"Q121078742","10.5237/E1E1-E75A"
"Q121078768","10.5237/ED5F-A74A"
"Q121078879","10.5237/A5AF-C1EC"
"Q121079152","10.5237/177D-CC43"
"Q121079346","10.5237/7125-7BFA"
"Q121086179","10.5237/5D46-B087"
"Q121091233","10.5237/FDAC-B807"
"Q121091291","10.5237/D959-7900"
"Q121091486","10.5237/9879-A6F2"
"Q121126013","10.5237/758B-ADF3"
"Q121126259","10.5237/1768-0CE7"
"Q121126492","10.5237/4D99-A3CF"
"Q121126669","10.5237/69C9-7CE2"
"Q121143728","10.5237/DBDF-9334"
"Q121143838","10.5237/0F8F-B243"
"Q121143836","10.5237/1D14-4E6C"
"Q121143850","10.5237/749C-39AC"
"Q121143977","10.5237/FB13-814B"
"Q121144048","10.5237/BD70-C525"
"Q121144140","10.5237/0E32-BC98"
"Q121144199","10.5237/454B-805D"
"Q121223496","10.5237/21A7-ABED"
"Q121223582","10.5237/044E-BD2F"
"Q121271015","10.5237/017D-2BF7"
"Q121271059","10.5237/0D53-43EE"
"Q121271094","10.5237/0BCB-179F"
"Q121271203","10.5237/9AD8-F3DD"
"Q121271399","10.5237/571C-5CDB"
"Q121298960","10.5237/F3ED-721D"
"Q121299120","10.5237/3963-A7D9"
"Q121299466","10.5237/6C10-7FC9"
"Q121315146","10.5237/4DE8-D604"
"Q121315205","10.5237/BE05-4F3A"
"Q121337321","10.5237/2450-980C"
"Q121337337","10.5237/107A-74F2"
"Q121337349","10.5237/F1E6-883D"
"Q121337559","10.5237/3E1B-3539"
"Q121357727","10.5237/50DC-43E1"
"Q121357756","10.5237/E710-C468"
"Q121358054","10.5237/7038-4EF2"
"Q304878","10.5237/6E80-403E"
"Q1938797","10.5237/DFAC-E825"
"Q3321009","10.5237/A7F9-D5FF"
"Q3331002","10.5237/4ABC-B406"
"Q3363246","10.5237/CA74-8837"
"Q3368732","10.5237/4E37-9920"
"Q3866664","10.5237/B570-2ACE"
"Q3875639","10.5237/FF04-2330"
"Q3881062","10.5237/A419-9E74"
"Q6794184","10.5237/EABF-DC99"
"Q6805440","10.5237/E728-8DB2"
"Q6858916","10.5237/079B-9DA5"
"Q6873560","10.5237/4E52-B88A"
"Q7006678","10.5237/5E9D-A3C4"
"Q7015142","10.5237/B5DD-235E"
"Q7018547","10.5237/F54C-8F1B"
"Q7021311","10.5237/7C22-194F"
"Q7038304","10.5237/A373-DC9E"
"Q7059518","10.5237/2490-FC88"
"Q7114148","10.5237/1C4A-3320"
"Q7131686","10.5237/DC32-2333"
"Q9049760","10.5237/658F-E5E0"
"Q10955986","10.5237/AB27-FBDE"
"Q15211001","10.5237/3530-8AF8"
"Q16253349","10.5237/2ABB-EB0A"
"Q16999846","10.5237/6D20-7174"
"Q17056375","10.5237/35C8-9EE9"
"Q17083140","10.5237/A475-9D9E"
"Q17343307","10.5237/32F8-6A1C"
"Q18180858","10.5237/8F01-E643"
"Q18180861","10.5237/2B3D-5068"
"Q22093521","10.5237/A84F-73B7"
"Q22247592","10.5237/8185-8B5B"
"Q24298819","10.5237/C7F6-9DAA"
"Q24806916","10.5237/720E-0882"
"Q25230602","10.5237/4907-C9B7"
"Q25266072","10.5237/DB01-627A"
"Q25292136","10.5237/7FAD-8D3A"
"Q48969572","10.5237/CCB9-59B2"
"Q51880129","10.5237/EE4D-361D"
"Q52433375","10.5237/66C4-E3E7"
"Q61401323","10.5237/862C-F200"
"Q65092082","10.5237/545C-6D8D"
"Q85769683","10.5237/56A9-0188"
"Q98039558","10.5237/DC0D-5574"
"Q114052869","10.5237/505B-9930"
"Q121034752","10.5237/78F3-1859"
"Q121034933","10.5237/45CB-3CB7"
"Q121035240","10.5237/55F6-1A3E"
"Q121035383","10.5237/D82F-F97F"
"Q121035455","10.5237/B21B-9F2F"
"Q121035744","10.5237/4DFC-944F"
"Q121035917","10.5237/F78E-5A95"
"Q121035994","10.5237/38FD-BBC5"
"Q121040095","10.5237/9B19-01B8"
"Q121057979","10.5237/68D3-184F"
"Q121058103","10.5237/D463-F5B6"
"Q121058110","10.5237/970A-A38D"
"Q121078870","10.5237/AD43-B204"
"Q121078973","10.5237/FF4E-1E92"
"Q121086144","10.5237/44D0-EF25"
"Q121086188","10.5237/D41D-14B7"
"Q121086217","10.5237/FAD7-EDDE"
"Q121091019","10.5237/4258-3E49"
"Q121091099","10.5237/D24E-A0C5"
"Q121091361","10.5237/2D5E-A79E"
"Q121126552","10.5237/05AE-D26C"
"Q121126616","10.5237/4C60-EEB0"
"Q121126741","10.5237/9862-2DC2"
"Q121126789","10.5237/EB33-2F00"
"Q121143699","10.5237/C527-D3FE"
"Q121143704","10.5237/076B-3B68"
"Q121143905","10.5237/13C6-2C75"
"Q121144060","10.5237/44D4-8318"
"Q121144102","10.5237/CEA4-C61B"
"Q121144165","10.5237/07E4-F7B7"
"Q121222536","10.5237/B5F1-062E"
"Q121223161","10.5237/09E1-6653"
"Q121270883","10.5237/34DF-AC81"
"Q121271086","10.5237/5DB5-1DB0"
"Q121271197","10.5237/4F41-60AA"
"Q121299192","10.5237/294D-D01C"
"Q121299245","10.5237/EA95-0D6E"
"Q121299472","10.5237/FB4C-EB29"
"Q121299500","10.5237/E045-D8D9"
"Q121314944","10.5237/E77F-5BE7"
"Q121315635","10.5237/863E-4E35"
"Q121337024","10.5237/1E25-DAF0"
"Q121337139","10.5237/2C62-6F49"
"Q121337223","10.5237/632D-88F3"
"Q121337227","10.5237/B27A-B077"
"Q121337271","10.5237/D762-A313"
"Q121337278","10.5237/BF51-A736"
"Q121337288","10.5237/6D65-C90D"
"Q121337342","10.5237/40AC-1C67"
"Q121337464","10.5237/41DA-53D8"
"Q121337529","10.5237/F02E-00B3"
"Q121357460","10.5237/2F11-4329"
"Q121357641","10.5237/CD38-5003"
"Q122998881","10.5237/E8BE-D5A0"
"Q1433745","10.5237/89BD-8589"
"Q1574218","10.5237/103B-E8B8"
"Q3122953","10.5237/395B-D5B8"
"Q3129183","10.5237/9C60-57DD"
"Q3138577","10.5237/1478-B96F"
"Q3177524","10.5237/B4E7-5438"
"Q3178829","10.5237/4B6B-7D71"
"Q3503539","10.5237/5133-7253"
"Q3776139","10.5237/3A9A-24F0"
"Q5610650","10.5237/4D11-FD93"
"Q5641523","10.5237/8CD5-0683"
"Q5712086","10.5237/2C14-EF25"
"Q5875948","10.5237/4D0F-8F14"
"Q6016549","10.5237/E957-95E0"
"Q6047285","10.5237/411D-4CFE"
"Q6083450","10.5237/C45E-7933"
"Q16254360","10.5237/44CB-4B1B"
"Q16848850","10.5237/E1D3-733E"
"Q16994936","10.5237/6B7A-1660"
"Q16996606","10.5237/0AE0-E7A2"
"Q17335626","10.5237/5E94-2479"
"Q17335653","10.5237/4932-ECA9"
"Q17343437","10.5237/796D-3E8A"
"Q17345505","10.5237/0CD8-9750"
"Q17371375","10.5237/1753-FD1F"
"Q17415951","10.5237/9675-96D8"
"Q20978743","10.5237/7337-F5BA"
"Q21100226","10.5237/B668-7217"
"Q24251285","10.5237/8763-FCFD"
"Q24843224","10.5237/153A-3727"
"Q24849199","10.5237/48A4-1EC4"
"Q25081510","10.5237/8202-9557"
"Q25082757","10.5237/73B4-D45A"
"Q25267477","10.5237/4C99-4D13"
"Q25271242","10.5237/1E26-80B0"
"Q25350109","10.5237/82C5-81C9"
"Q25561579","10.5237/7BA1-BF28"
"Q25713808","10.5237/7838-3AA3"
"Q38851304","10.5237/A4BE-71E8"
"Q63919750","10.5237/97E8-0308"
"Q72550320","10.5237/F2BC-1A85"
"Q88876181","10.5237/D1DD-531A"
"Q89783315","10.5237/B913-11BE"
"Q114040225","10.5237/1261-630A"
"Q117468465","10.5237/86F5-ABB0"
"Q121034390","10.5237/7BD7-FDE5"
"Q121034564","10.5237/63EB-07D7"
"Q121034595","10.5237/5FCC-2331"
"Q121034849","10.5237/560A-9A1A"
"Q121035098","10.5237/EF5A-9CF7"
"Q121035285","10.5237/D50F-6443"
"Q121035448","10.5237/6E2F-7E06"
"Q121035479","10.5237/2049-4D4C"
"Q121035746","10.5237/9757-CDB9"
"Q121036024","10.5237/3A9A-3F18"
"Q121057975","10.5237/CD6D-901A"
"Q121078750","10.5237/57C9-6147"
"Q121078970","10.5237/E219-FBE9"
"Q121086016","10.5237/1E64-4050"
"Q121091094","10.5237/63B9-997F"
"Q121091117","10.5237/1A4C-6BA6"
"Q121091122","10.5237/178C-F953"
"Q121091433","10.5237/802F-E402"
"Q121091430","10.5237/9A3E-1A9B"
"Q121126280","10.5237/2BA9-109A"
"Q121126876","10.5237/980F-7004"
"Q121126954","10.5237/EF08-79AE"
"Q121143567","10.5237/24C1-7321"
"Q121143642","10.5237/F313-77D9"
"Q121143685","10.5237/65CB-7D4B"
"Q121143809","10.5237/771A-1ADF"
"Q121143942","10.5237/4085-D077"
"Q121143964","10.5237/4318-F3F7"
"Q121159993","10.5237/5FC9-A628"
"Q121160039","10.5237/0070-362D"
"Q121222598","10.5237/F961-BBEF"
"Q121222732","10.5237/B5BD-AB2D"
"Q121222743","10.5237/53CA-173B"
"Q121223261","10.5237/95FA-565F"
"Q121223287","10.5237/4BDF-4D8B"
"Q121223342","10.5237/BF84-93F7"
"Q121223442","10.5237/7FE0-FE0C"
"Q121223515","10.5237/3668-C155"
"Q121270607","10.5237/E81C-926C"
"Q121270633","10.5237/A12B-47E9"
"Q121270912","10.5237/F772-7180"
"Q121270975","10.5237/D606-EBDC"
"Q121271026","10.5237/69F8-75AA"
"Q121271144","10.5237/7593-C293"
"Q121271139","10.5237/D697-4C42"
"Q121271331","10.5237/A7F4-1C41"
"Q121298720","10.5237/E89E-E3BE"
"Q121298852","10.5237/77E6-C2A0"
"Q121298913","10.5237/BF92-AA84"
"Q121299168","10.5237/EA2B-011E"
"Q121299536","10.5237/5618-CA34"
"Q121315163","10.5237/033C-A0BE"
"Q121315249","10.5237/CB71-EEAB"
"Q121315520","10.5237/E664-F08C"
"Q121337207","10.5237/0C3D-D053"
"Q121337327","10.5237/648A-CA38"
"Q121337411","10.5237/1DA5-98D3"
"Q121357734","10.5237/E7F6-4825"
"Q121357771","10.5237/2DEF-B6DD"
"Q122950120","10.5237/D75F-C711"
"Q492725","10.5237/2441-C12D"
"Q644711","10.5237/986C-AE20"
"Q1399331","10.5237/2E50-60EB"
"Q1416899","10.5237/238A-7477"
"Q1421572","10.5237/1B98-EB30"
"Q1485801","10.5237/0F26-3172"
"Q5419397","10.5237/AAF3-4EB2"
"Q5422887","10.5237/27E9-3340"
"Q5433853","10.5237/E40F-EF10"
"Q5446074","10.5237/D3EE-E0F6"
"Q5448957","10.5237/0F70-E3B8"
"Q5448978","10.5237/297E-4A32"
"Q5453219","10.5237/FA75-5AE7"
"Q5463918","10.5237/77B7-7A24"
"Q5473190","10.5237/36B5-7252"
"Q5501189","10.5237/DC0A-A038"
"Q5506301","10.5237/553C-6142"
"Q5527238","10.5237/C147-6E70"
"Q5575218","10.5237/3A63-1265"
"Q5582745","10.5237/51FF-4C42"
"Q15809664","10.5237/0568-07DB"
"Q16979609","10.5237/A10C-C9B5"
"Q16993353","10.5237/4AE0-E1F5"
"Q17105373","10.5237/D38B-1D4E"
"Q17335567","10.5237/50DF-67FE"
"Q17387146","10.5237/1EF8-868A"
"Q18196446","10.5237/97F7-9A0E"
"Q21593055","10.5237/9D13-E474"
"Q21888019","10.5237/DA3E-2F9D"
"Q25288772","10.5237/551C-4BF5"
"Q25352772","10.5237/6BB4-3166"
"Q25354810","10.5237/44F9-D8DF"
"Q25796511","10.5237/07F7-0C9F"
"Q62056477","10.5237/A15C-4467"
"Q72088427","10.5237/F1B4-FA8A"
"Q72200360","10.5237/AC46-4349"
"Q91329074","10.5237/4673-23A0"
"Q97943647","10.5237/6573-D2C3"
"Q121034340","10.5237/7E60-2A35"
"Q121034502","10.5237/6D90-0DA2"
"Q121034621","10.5237/700F-FAFE"
"Q121034816","10.5237/6319-F332"
"Q121034921","10.5237/B482-EDB8"
"Q121035024","10.5237/62C3-1D9F"
"Q121035043","10.5237/4A47-8123"
"Q121035064","10.5237/5213-6FB2"
"Q121035186","10.5237/FF3C-A8E8"
"Q121035227","10.5237/49E1-B41F"
"Q121035563","10.5237/7915-0DF7"
"Q121035610","10.5237/B846-0C30"
"Q121035682","10.5237/3010-A59A"
"Q121035720","10.5237/EC45-94BD"
"Q121035726","10.5237/D549-0564"
"Q121035903","10.5237/8C08-64C5"
"Q121035946","10.5237/875C-388E"
"Q121078892","10.5237/8C4A-ACC2"
"Q121079076","10.5237/57E4-E35B"
"Q121079264","10.5237/EA51-79B6"
"Q121079397","10.5237/5C13-4C0F"
"Q121086203","10.5237/C1F1-B880"
"Q121091055","10.5237/E346-7DDA"
"Q121091104","10.5237/A9E9-9509"
"Q121091401","10.5237/1D93-6DF0"
"Q121126321","10.5237/7323-33DC"
"Q121126803","10.5237/6286-4AB7"
"Q121126963","10.5237/597E-B049"
"Q121144091","10.5237/CE12-6AD5"
"Q121144136","10.5237/D99A-15C4"
"Q121159871","10.5237/71D3-9C3A"
"Q121159934","10.5237/E405-7A33"
"Q121222505","10.5237/1C27-92F5"
"Q121222631","10.5237/927F-600C"
"Q121222706","10.5237/1795-14E4"
"Q121223112","10.5237/9EE3-B79B"
"Q121223389","10.5237/F7D6-925B"
"Q121270802","10.5237/8502-F79F"
"Q121270839","10.5237/7EF0-BEE5"
"Q121270891","10.5237/D643-4160"
"Q121271267","10.5237/3291-FC42"
"Q121271407","10.5237/E22F-29B9"
"Q121299108","10.5237/4C95-2FDD"
"Q121299408","10.5237/3C12-DCF8"
"Q121314943","10.5237/14AB-8CF7"
"Q121314981","10.5237/A35E-7AA4"
"Q121315132","10.5237/9695-0AB8"
"Q121315385","10.5237/84EA-658A"
"Q121315569","10.5237/EB30-282A"
"Q121315655","10.5237/41A3-DF8F"
"Q121336983","10.5237/B150-E670"
"Q121337116","10.5237/7AA5-C8EF"
"Q121357471","10.5237/907A-ED58"
"Q121357509","10.5237/5840-B63B"
"Q121357737","10.5237/ADED-1D23"
"Q2107384","10.5237/594E-C006"
"Q3368737","10.5237/AF59-2E42"
"Q3422434","10.5237/F89E-6DA5"
"Q3461319","10.5237/E7A1-7E17"
"Q7142727","10.5237/6A1C-8FC8"
"Q7168754","10.5237/DA64-FD13"
"Q7193947","10.5237/25F0-9CC3"
"Q7195048","10.5237/2715-3E6D"
"Q7229554","10.5237/52CA-490A"
"Q7250809","10.5237/847C-7264"
"Q7251925","10.5237/10AD-6498"
"Q7263277","10.5237/6C6D-12C0"
"Q7282737","10.5237/05F3-01B3"
"Q7284877","10.5237/837C-B130"
"Q7294167","10.5237/9EB4-4C8D"
"Q7298403","10.5237/F1A4-F4AF"
"Q7339672","10.5237/F5BB-BC0B"
"Q7355120","10.5237/605A-4542"
"Q7391860","10.5237/3F12-A26D"
"Q7397072","10.5237/6BFF-3B76"
"Q11997302","10.5237/D1CC-8B1D"
"Q14474500","10.5237/CFCA-56F7"
"Q15242622","10.5237/5D2B-D0FF"
"Q16672700","10.5237/09E4-3F59"
"Q17092663","10.5237/5D26-0408"
"Q17142345","10.5237/D413-1908"
"Q17335679","10.5237/ED3A-6E81"
"Q17343522","10.5237/F14E-97D0"
"Q17343527","10.5237/036D-CD7C"
"Q17386885","10.5237/755E-360A"
"Q18168039","10.5237/5FF9-E4DF"
"Q19960498","10.5237/B81A-DB71"
"Q20874209","10.5237/4DD8-7CF4"
"Q21647383","10.5237/CADD-11E5"
"Q22999963","10.5237/1E46-8D72"
"Q24817457","10.5237/3795-2D36"
"Q25267478","10.5237/6E25-8D9B"
"Q25655621","10.5237/A331-9936"
"Q25659094","10.5237/CBA9-4038"
"Q25713834","10.5237/0416-B2EB"
"Q54958752","10.5237/8427-2245"
"Q56605581","10.5237/EA9F-271D"
"Q56811135","10.5237/6993-186C"
"Q57315094","10.5237/857A-57F7"
"Q64572603","10.5237/63F9-2D63"
"Q65504686","10.5237/38CA-F8CD"
"Q85519318","10.5237/D895-D3DD"
"Q97371693","10.5237/13A6-FA66"
"Q111215075","10.5237/D70D-35C9"
"Q119628842","10.5237/F3A6-41B5"
"Q121034578","10.5237/9171-5821"
"Q123459429","10.5237/BACF-FCFC"
"Q115895","10.5237/3386-515F"
"Q129110","10.5237/768F-8B9C"
"Q129110","10.5237/AEBC-5C1B"
"Q191158","10.5237/E342-C485"
"Q201275","10.5237/C84A-62CF"
"Q214683","10.5237/F95B-DEEC"
"Q262386","10.5237/A2A3-479C"
"Q367300","10.5237/8DAA-602D"
"Q383342","10.5237/4A51-74BD"
"Q512858","10.5237/C866-8874"
"Q640786","10.5237/1196-E4C6"
"Q641746","10.5237/72A9-EF6D"
"Q648034","10.5237/023C-AB1D"
"Q651120","10.5237/ABD6-AD00"
"Q662081","10.5237/54A0-F6FF"
"Q676498","10.5237/9737-37D2"
"Q689021","10.5237/6EAB-879A"
"Q700133","10.5237/6BBC-E053"
"Q734401","10.5237/F772-B70E"
"Q781183","10.5237/BEBA-B533"
"Q785697","10.5237/A475-A734"
"Q875920","10.5237/5574-BEE2"
"Q922857","10.5237/6CF6-C908"
"Q1102919","10.5237/827F-8E89"
"Q1152955","10.5237/9B9D-5BBF"
"Q1160868","10.5237/47F6-B8C5"
"Q1190356","10.5237/FDCB-58C9"
"Q1243548","10.5237/D846-80A8"
"Q1319610","10.5237/F0A7-AD2C"
"Q1321379","10.5237/35E0-123E"
"Q1344736","10.5237/7981-322E"
"Q1415344","10.5237/4A6C-1CB3"
"Q1474307","10.5237/5CC1-97A6"
"Q1535788","10.5237/91EF-788F"
"Q1544011","10.5237/9F70-EF4A"
"Q1630304","10.5237/526D-445D"
"Q1643241","10.5237/76DB-E9D9"
"Q1665206","10.5237/EFEB-37B4"
"Q1868978","10.5237/CAAF-23D8"
"Q2059104","10.5237/ADDC-7DDA"
"Q2138792","10.5237/64BB-0537"
"Q2621941","10.5237/2D3D-EA6F"
"Q2864832","10.5237/1C87-34D0"
"Q2876680","10.5237/F26D-3DC4"
"Q3067892","10.5237/211A-502B"
"Q3072557","10.5237/72BD-5474"
"Q3117481","10.5237/6950-7A0E"
"Q3232637","10.5237/B1D7-07E5"
"Q3323969","10.5237/F0E0-6910"
"Q3361558","10.5237/1054-9E88"
"Q3506554","10.5237/70EC-2E8A"
"Q3538403","10.5237/4F42-7BBA"
"Q3649554","10.5237/7EDE-66B9"
"Q3677221","10.5237/EAA3-0CEF"
"Q3745392","10.5237/7F50-F4EE"
"Q3784765","10.5237/F7FC-81BA"
"Q3886493","10.5237/1481-5A39"
"Q3933698","10.5237/CF0B-A8EF"
"Q3940534","10.5237/E2A1-8D8B"
"Q4454107","10.5237/2B1D-7F8A"
"Q4912005","10.5237/7031-8317"
"Q5012265","10.5237/9891-1E22"
"Q5120635","10.5237/1C0E-C585"
"Q5380451","10.5237/3D01-81DE"
"Q5508101","10.5237/74ED-2E60"
"Q6047285","10.5237/27E2-6F89"
"Q6407480","10.5237/F6C8-7B98"
"Q6490698","10.5237/104E-95B2"
"Q6718457","10.5237/D4B9-0FCA"
"Q6820724","10.5237/13A7-0423"
"Q6917750","10.5237/16B6-43D4"
"Q6941451","10.5237/EB57-AD76"
"Q6953258","10.5237/C6B6-1E5D"
"Q7015366","10.5237/6D81-1688"
"Q7247697","10.5237/86DC-9EAC"
"Q7308101","10.5237/71F3-897F"
"Q7670576","10.5237/7D92-6216"
"Q7907096","10.5237/B90D-3429"
"Q7919769","10.5237/BECD-5A88"
"Q7923503","10.5237/104B-2F7A"
"Q9763057","10.5237/79B9-6202"
"Q10498468","10.5237/BACF-FCFC"
"Q10684843","10.5237/A81F-8903"
"Q13361863","10.5237/6E33-2B12"
"Q15477071","10.5237/33A3-9FDF"
"Q16033080","10.5237/C0F2-1E4B"
"Q18395323","10.5237/A8A4-B445"
"Q21178813","10.5237/4F92-1F92"
"Q39059408","10.5237/AC1F-F3B6"
"Q50574942","10.5237/F2A5-1E18"
"Q55616907","10.5237/D1CC-1557"
"Q61218418","10.5237/C4BD-C53F"
"Q8073","10.5237/5C21-B470"
"Q90887909","10.5237/5435-C2D1"
"Q95148451","10.5237/7DFC-9479"
"Q116243155","10.5237/9FAF-4E95"
"Q119812380","10.5237/AF63-B641"
"Q121035212","10.5237/8C5D-33C7"
"Q121034895","10.5237/0302-66DA"
"Q121270649","10.5237/4A10-EE06"
"Q121357122","10.5237/F5DE-858D"
"Q123142043","10.5237/BCD4-902E"
"Q123142049","10.5237/9203-66C3"
"Q123142330","10.5237/6AEF-FD36"
"Q123142338","10.5237/BDEB-4887"
"Q123142357","10.5237/08D3-30EC"
"Q123142364","10.5237/3418-C354"
"Q123142398","10.5237/F439-1635"
"Q123142429","10.5237/10C1-2639"
"Q123142446","10.5237/4253-4F91"
"Q123458806","10.5237/A215-AF28"
"Q123458811","10.5237/61BC-83AF"
"Q123458808","10.5237/4967-E10C"
"Q123458815","10.5237/3F0C-AD9E"
"Q123458813","10.5237/E5D1-5373"
"Q123458819","10.5237/6B5C-26F5"
"Q123458817","10.5237/3258-650B"
"Q123458823","10.5237/BBDA-A4C6"
"Q123458821","10.5237/68B6-CF6B"
"Q123458826","10.5237/9EE0-B484"
"Q123458830","10.5237/1052-AC1B"
"Q123458828","10.5237/EB47-F7E4"
"Q123458831","10.5237/0D93-4DC7"
"Q123458835","10.5237/1FF5-006C"
"Q123458838","10.5237/9F73-B1A5"
"Q123458836","10.5237/A407-98A2"
"Q123458853","10.5237/8B29-8D66"
"Q123458865","10.5237/F7D8-DF45"
"Q123458870","10.5237/C5DF-F2EA"
"Q123458883","10.5237/86CF-2C09"
"Q123459288","10.5237/B702-7473"
"Q122549","10.5237/0A74-1913"
"Q192557","10.5237/EC4F-3866"
"Q278637","10.5237/2438-D76D"
"Q363022","10.5237/13A8-87DF"
"Q362280","10.5237/4290-FF2E"
"Q501070","10.5237/CFA0-333E"
"Q651454","10.5237/A195-5AC9"
"Q657816","10.5237/C65E-4997"
"Q774682","10.5237/53C2-B532"
"Q947354","10.5237/2EFA-B915"
"Q971446","10.5237/38F4-47DB"
"Q1012251","10.5237/023E-CA3C"
"Q1022955","10.5237/6DFF-4187"
"Q1033465","10.5237/1ED8-EDA3"
"Q1093997","10.5237/2536-AA69"
"Q1146587","10.5237/D40A-6FD5"
"Q1188369","10.5237/FAF4-24E8"
"Q1281891","10.5237/CBC0-24B9"
"Q1424253","10.5237/8E59-6550"
"Q1433745","10.5237/5520-710C"
"Q1530721","10.5237/AEFD-DF63"
"Q1664688","10.5237/C036-8056"
"Q1803714","10.5237/0437-29F8"
"Q1811880","10.5237/81F5-F80E"
"Q2117148","10.5237/5093-BFBC"
"Q2216535","10.5237/D3E2-05C6"
"Q2945566","10.5237/AA91-1BC5"
"Q3003832","10.5237/EFF2-F434"
"Q3025447","10.5237/A942-9F4B"
"Q3053254","10.5237/AD45-F060"
"Q3067564","10.5237/E975-1892"
"Q3546604","10.5237/BABE-E7EB"
"Q3929491","10.5237/7716-E002"
"Q4353192","10.5237/38B3-71BE"
"Q4930244","10.5237/4C78-56EC"
"Q4972541","10.5237/91A8-718D"
"Q5009262","10.5237/63EF-D83C"
"Q5297281","10.5237/E052-C381"
"Q5597985","10.5237/6FE1-E2D8"
"Q5889461","10.5237/2F5A-83E6"
"Q6555926","10.5237/66C8-02C7"
"Q7180920","10.5237/4877-CE1E"
"Q7439005","10.5237/98AD-D260"
"Q7839822","10.5237/6F02-9FFF"
"Q8962119","10.5237/0CBC-63B1"
"Q10301418","10.5237/C7E0-5164"
"Q10319190","10.5237/5C9C-BF8A"
"Q10748653","10.5237/9366-92F9"
"Q11435784","10.5237/FF06-3784"
"Q11945882","10.5237/EC8C-0871"
"Q13403877","10.5237/3470-4659"
"Q14928077","10.5237/3C77-4272"
"Q16056309","10.5237/7386-862C"
"Q17067015","10.5237/46F1-7CFD"
"Q20001329","10.5237/D4E4-03EE"
"Q22806811","10.5237/C20A-FA98"
"Q24843191","10.5237/E882-022F"
"Q51378601","10.5237/836D-2075"
"Q56072313","10.5237/C0B8-2F71"
"Q94580518","10.5237/7009-B4F0"
"Q111200447","10.5237/369E-524F"
"Q121034246","10.5237/05EF-6BC8"
"Q121034453","10.5237/A01C-6266"
"Q121034458","10.5237/D374-9956"
"Q121034505","10.5237/CECC-2D22"
"Q121034534","10.5237/F4C0-FBD1"
"Q121034563","10.5237/91B2-5AEE"
"Q121034666","10.5237/DEAA-8D1D"
"Q121035054","10.5237/44E1-F82E"
"Q121035091","10.5237/AB36-70D4"
"Q121035232","10.5237/19DB-996B"
"Q121035413","10.5237/B59D-8FD4"
"Q121035507","10.5237/F9D0-80B4"
"Q121035883","10.5237/2B93-393A"
"Q121035940","10.5237/0A7D-8D54"
"Q121035958","10.5237/C38A-913F"
"Q121078784","10.5237/6E5F-049E"
"Q121078997","10.5237/DC8C-AF17"
"Q121079550","10.5237/68CB-0C55"
"Q121086022","10.5237/D511-A363"
"Q121086040","10.5237/222F-DA6B"
"Q121086136","10.5237/93BC-FFCB"
"Q121091049","10.5237/85E5-2144"
"Q121091067","10.5237/ADAD-2C28"
"Q121091161","10.5237/1FF6-8958"
"Q121091464","10.5237/ABBF-58AC"
"Q121126203","10.5237/5D89-0C55"
"Q121126205","10.5237/4F11-AFA1"
"Q121126232","10.5237/EE63-5CCD"
"Q121126797","10.5237/2821-6FBC"
"Q121126890","10.5237/215C-BC63"
"Q121126917","10.5237/510C-75C9"
"Q121143609","10.5237/2CED-A98B"
"Q121143898","10.5237/438C-C82D"
"Q121144045","10.5237/2F69-B836"
"Q121144059","10.5237/0560-794F"
"Q121159768","10.5237/FABE-14CD"
"Q121159843","10.5237/B02F-5011"
"Q121159879","10.5237/995B-DB56"
"Q121160038","10.5237/6505-0EE3"
"Q121222595","10.5237/D95B-2400"
"Q121222780","10.5237/E263-ACE7"
"Q121223040","10.5237/A86C-E2E3"
"Q121223154","10.5237/516C-91DC"
"Q121223430","10.5237/35BB-F23C"
"Q121223572","10.5237/DC9B-A759"
"Q121223588","10.5237/39AE-CDEC"
"Q121270803","10.5237/2328-E5AA"
"Q121271182","10.5237/3909-AB1A"
"Q121271411","10.5237/D246-D620"
"Q121298927","10.5237/86B5-B9F9"
"Q121299109","10.5237/BDA8-3CA8"
"Q121299552","10.5237/34AA-7142"
"Q121314997","10.5237/7FE4-938B"
"Q121337017","10.5237/AC5A-93AB"
"Q121337104","10.5237/F952-CD2E"
"Q121337313","10.5237/E209-25E7"
"Q121357515","10.5237/D194-9CB2"
"Q121357705","10.5237/5C28-13ED"
"Q122951191","10.5237/1488-2EEA"
"Q122998910","10.5237/A20E-BC17"
"Q462288","10.5237/73EB-8056"
"Q2812139","10.5237/3D04-FBCC"
"Q3010012","10.5237/83ED-DFAF"
"Q3476213","10.5237/3E8F-E7F7"
"Q7416898","10.5237/227B-5BA3"
"Q7457177","10.5237/FA29-3552"
"Q7490307","10.5237/C4B6-7983"
"Q7497365","10.5237/8F39-A682"
"Q7508494","10.5237/1C62-EBB1"
"Q7536483","10.5237/2241-5866"
"Q7548638","10.5237/232F-DD65"
"Q7553796","10.5237/FB84-AD16"
"Q7605244","10.5237/A22D-B98E"
"Q7675087","10.5237/AF4F-E8CE"
"Q7706165","10.5237/2373-1F5F"
"Q7754169","10.5237/6E0D-0E97"
"Q15242616","10.5237/4385-8CBD"
"Q17088415","10.5237/C8B7-C31F"
"Q17093024","10.5237/C694-9DBC"
"Q17093193","10.5237/6D41-A05A"
"Q17295709","10.5237/E5C5-47AF"
"Q17295785","10.5237/B0B2-3C68"
"Q17305116","10.5237/254F-15AF"
"Q17335633","10.5237/882E-20A0"
"Q17335645","10.5237/AA05-5D3B"
"Q17335732","10.5237/4038-16FB"
"Q17385899","10.5237/1AC8-6C32"
"Q17386674","10.5237/95CC-96D2"
"Q20859663","10.5237/5242-3DA2"
"Q24737548","10.5237/24CA-E927"
"Q24849470","10.5237/5259-647A"
"Q25289813","10.5237/2605-0237"
"Q25577221","10.5237/EB7A-0402"
"Q25917011","10.5237/C8A9-5C9C"
"Q25929166","10.5237/75F6-2C79"
"Q30174965","10.5237/2B16-A8DC"
"Q56346598","10.5237/CFEC-B1DA"
"Q63644028","10.5237/F952-39F0"
"Q9531","10.5237/68A3-01BF"
"Q107605679","10.5237/FD65-037B"
"Q107675904","10.5237/B4AB-724A"
"Q121034514","10.5237/24F5-D479"
"Q121034951","10.5237/CFCA-D609"
"Q121035061","10.5237/521E-5A18"
"Q121035231","10.5237/65DE-0015"
"Q121035441","10.5237/986A-4CF5"
"Q121035488","10.5237/49C7-188E"
"Q121035658","10.5237/C456-BE54"
"Q121035699","10.5237/97BF-F20F"
"Q121035923","10.5237/9939-3449"
"Q121078783","10.5237/4344-CF79"
"Q121078835","10.5237/B5FF-74DB"
"Q121078926","10.5237/2C25-8628"
"Q121079487","10.5237/1646-C3FF"
"Q121091024","10.5237/2F2D-B4F6"
"Q121091152","10.5237/07FF-DACB"
"Q121126015","10.5237/2D7E-7EFB"
"Q121126100","10.5237/0DE1-415A"
"Q121126212","10.5237/BE68-C04D"
"Q121126286","10.5237/B13F-D80E"
"Q121126322","10.5237/AFE5-470B"
"Q121126872","10.5237/5AC6-5EAD"
"Q121126897","10.5237/0B77-00E8"
"Q121143853","10.5237/E205-9018"
"Q121144176","10.5237/9B1D-58CF"
"Q121159725","10.5237/657B-5394"
"Q121223158","10.5237/92C0-C1ED"
"Q121223326","10.5237/DB31-8A40"
"Q121223352","10.5237/A990-82EF"
"Q121270873","10.5237/E7D7-7AAA"
"Q121270898","10.5237/026E-0932"
"Q121270942","10.5237/E6B4-4D1A"
"Q121271344","10.5237/1F15-D4F5"
"Q121271432","10.5237/7555-E4D8"
"Q121298878","10.5237/807E-680A"
"Q121299198","10.5237/5180-94D2"
"Q121314983","10.5237/D7EB-489E"
"Q121337389","10.5237/6224-E45E"
"Q121337475","10.5237/7503-7321"
"Q121337578","10.5237/F55D-8F3F"
"Q121357901","10.5237/BC1A-5AF3"
"Q121357938","10.5237/E39D-663E"
"Q123142055","10.5237/5FD9-7EF4"
"Q123142067","10.5237/434A-EE9C"
"Q123142102","10.5237/DDFD-ACAB"
"Q123458722","10.5237/7FEE-24B9"
"Q123458756","10.5237/ABE5-3291"
"Q158478","10.5237/FD28-30F1"
"Q168383","10.5237/E802-6B3B"
"Q169889","10.5237/E66C-53E2"
"Q177955","10.5237/FCA8-EB90"
"Q388234","10.5237/66C1-2A9F"
"Q465449","10.5237/9591-0774"
"Q515869","10.5237/D1AB-2339"
"Q570910","10.5237/89C3-1B75"
"Q655067","10.5237/CB1B-1B18"
"Q774682","10.5237/6F2D-6BC1"
"Q819391","10.5237/5CCB-D384"
"Q822314","10.5237/F012-89FD"
"Q825291","10.5237/0066-AC1E"
"Q913462","10.5237/3B59-C7F2"
"Q1265201","10.5237/6B8E-D640"
"Q1524732","10.5237/EE34-4639"
"Q2384316","10.5237/009D-79A1"
"Q2406051","10.5237/EFC9-CFB1"
"Q2722120","10.5237/D189-1767"
"Q2756484","10.5237/F8E2-4B4F"
"Q2910457","10.5237/B47E-253B"
"Q2925731","10.5237/5583-D116"
"Q3107636","10.5237/B7E3-D618"
"Q3282004","10.5237/2DB0-9718"
"Q3406645","10.5237/3A98-1705"
"Q3523524","10.5237/7550-EC62"
"Q3542595","10.5237/4FA5-8FD6"
"Q3739165","10.5237/A7AC-5916"
"Q3999144","10.5237/9B13-EC30"
"Q5150693","10.5237/63F6-0063"
"Q5270187","10.5237/2B43-63B8"
"Q5950024","10.5237/9F41-EF94"
"Q6591884","10.5237/A8B6-301B"
"Q7503319","10.5237/75BF-5FB9"
"Q7933914","10.5237/470A-92A8"
"Q7986172","10.5237/EF75-1286"
"Q8023804","10.5237/C513-0A89"
"Q8026450","10.5237/8E1B-DF08"
"Q8036075","10.5237/8F32-FF3C"
"Q14326525","10.5237/787B-DB8A"
"Q14408853","10.5237/2229-C154"
"Q17032103","10.5237/E756-954F"
"Q17090410","10.5237/9945-7E99"
"Q17099699","10.5237/56AF-5901"
"Q17335713","10.5237/0DC5-D31E"
"Q17592311","10.5237/1669-DAE3"
"Q18219679","10.5237/6942-3C5D"
"Q19798934","10.5237/D9BD-E71C"
"Q24988339","10.5237/05AD-ECB8"
"Q123142375","10.5237/4E13-CDED"
"Q123459494","10.5237/D2D0-05C8"
"Q123459515","10.5237/DE54-D083"
"Q123459517","10.5237/EFD4-9FD1"
"Q123459531","10.5237/868F-61AA"
"Q123459534","10.5237/0FB9-EBAE"
"Q123459535","10.5237/98ED-19C2"
"Q123459532","10.5237/8599-0053"
"Q123459537","10.5237/4FF0-302F"
"Q123459543","10.5237/CB13-C2E1"
"Q123459541","10.5237/2A67-0EAE"
"Q123459548","10.5237/F9FB-3DA8"
"Q123459552","10.5237/26C2-5D92"
"Q123459556","10.5237/8A8C-159B"
"Q123459613","10.5237/9A2A-880D"
"Q123459617","10.5237/7FEF-F4BD"
"Q123459621","10.5237/9210-4BAD"
"Q123459639","10.5237/3C19-2A15"
"Q123459636","10.5237/76DC-4F06"
"Q123459642","10.5237/013A-B10A"
"Q123459643","10.5237/0A8B-3425"
"Q123459645","10.5237/FF14-6A5E"
"Q123459649","10.5237/B8AD-3442"
"Q462288","10.5237/3DB2-BFCC"
"Q903343","10.5237/EC51-C6DB"
"Q1066018","10.5237/6F7B-85E2"
"Q1188369","10.5237/FF74-12E6"
"Q1188361","10.5237/10FE-64A6"
"Q2084961","10.5237/4A45-1A3A"
"Q2756484","10.5237/45AB-2BD8"
"Q2864832","10.5237/0E6B-22A3"
"Q3734691","10.5237/DA43-3CA0"
"Q4752661","10.5237/EC2B-F346"
"Q7439005","10.5237/3B84-A074"
"Q7544227","10.5237/D7EA-E81A"
"Q7626213","10.5237/52B0-8E31"
"Q7676144","10.5237/414B-62D5"
"Q55951008","10.5237/9500-DD01"
"Q56247596","10.5237/F2A7-5744"
"Q64253105","10.5237/2907-1FB8"
"Q65089480","10.5237/1699-61CD"
"Q66778428","10.5237/98E9-2D76"
"Q43380","10.5237/E54A-FA6D"
"Q54718","10.5237/1D47-3EB3"
"Q95988259","10.5237/827C-04AE"
"Q105760393","10.5237/AE08-9CFE"
"Q107262784","10.5237/BA7C-3560"
"Q108213998","10.5237/4347-99FE"
"Q109456807","10.5237/BF16-D5E1"
"Q111525786","10.5237/935B-447D"
"Q116116831","10.5237/458D-5E8F"
"Q116452589","10.5237/82BC-6CCA"
"Q118903893","10.5237/FC0E-D52E"
"Q119138938","10.5237/EFB8-D027"
"Q119662949","10.5237/A242-4F1C"
"Q121034702","10.5237/5E1C-02B3"
"Q121126500","10.5237/027A-3882"
"Q121159921","10.5237/66F2-29FF"
"Q121337100","10.5237/1FB4-1266"
"Q122950069","10.5237/429F-26ED"
"Q122950791","10.5237/F9F1-6325"
"Q123459372","10.5237/B857-0E91"
"Q123459374","10.5237/D657-C993"
"Q123459498","10.5237/3C8F-518E"
"Q123459502","10.5237/9D8C-A762"
"Q123459500","10.5237/3AE5-C865"
"Q123459501","10.5237/D507-49DA"
"Q123459505","10.5237/F5CC-8F00"
"Q123459514","10.5237/BCD7-70CF"
"Q123459509","10.5237/C208-D56A"
"Q123459512","10.5237/17CC-E875"
"Q123459526","10.5237/983C-643D"
"Q123459527","10.5237/E1DC-5ED6"
"Q123459525","10.5237/D087-7343"
"Q123459528","10.5237/45DD-B231"
"Q123459529","10.5237/352A-67C1"
"Q123459539","10.5237/473B-E549"
"Q123459560","10.5237/EE15-B4F6"
"Q158948","10.5237/C81D-E9D0"
"Q212252","10.5237/C491-DEA1"
"Q242446","10.5237/B27B-E0BB"
"Q252964","10.5237/8B44-AF8D"
"Q304509","10.5237/6466-76FA"
"Q456294","10.5237/2D36-F099"
"Q622668","10.5237/7AA3-DDD6"
"Q658608","10.5237/5FEC-89B1"
"Q736464","10.5237/F8D3-5A6D"
"Q963204","10.5237/84E2-AA95"
"Q1033488","10.5237/582D-C8CD"
"Q1054221","10.5237/F83F-37BC"
"Q1172062","10.5237/44FD-0E01"
"Q1322641","10.5237/C5C2-C907"
"Q1374418","10.5237/01D0-2F66"
"Q1375196","10.5237/A01B-6D9E"
"Q1404450","10.5237/4EF1-FF95"
"Q1643954","10.5237/8D50-F2B1"
"Q1670774","10.5237/C511-2804"
"Q1981249","10.5237/9EAB-B419"
"Q2703264","10.5237/D941-C92A"
"Q2793276","10.5237/4C9D-D782"
"Q2902354","10.5237/4D36-A73A"
"Q2927617","10.5237/B4A4-E8BF"
"Q2964928","10.5237/382C-FAAC"
"Q3060562","10.5237/C274-6E7E"
"Q3149951","10.5237/9D31-2DCD"
"Q3784105","10.5237/B03E-DC88"
"Q3784587","10.5237/5FD1-EAD1"
"Q3840936","10.5237/8868-16A9"
"Q3840936","10.5237/BBB1-51C8"
"Q3951435","10.5237/3807-7885"
"Q4354972","10.5237/E843-F7F1"
"Q4763574","10.5237/3242-36DF"
"Q4970516","10.5237/7535-300E"
"Q5037773","10.5237/D1A5-B57B"
"Q5120867","10.5237/937A-16EA"
"Q6061055","10.5237/97D6-0940"
"Q6165258","10.5237/9B64-C55F"
"Q6794166","10.5237/6FBF-4405"
"Q6858273","10.5237/B0A9-B532"
"Q6905320","10.5237/83B7-3A96"
"Q7915761","10.5237/410D-D01E"
"Q8204054","10.5237/61FD-016C"
"Q11285547","10.5237/BB31-D716"
"Q15622197","10.5237/A9CF-7EEB"
"Q17377477","10.5237/A07E-CACC"
"Q17768775","10.5237/445B-44B1"
"Q17985957","10.5237/04BF-2A8F"
"Q18470254","10.5237/2FA8-E0AA"
"Q18484179","10.5237/8E70-0422"
"Q19747898","10.5237/CB82-3A21"
"Q19867354","10.5237/9B21-686C"
"Q19881618","10.5237/51DD-2347"
"Q20757322","10.5237/2300-4E5F"
"Q22907891","10.5237/CC24-87FA"
"Q28106083","10.5237/3CC0-0216"
"Q30166817","10.5237/43C7-1BCB"
"Q31273172","10.5237/BE77-A95E"
