"QID","imdb"
"Q169889","co0037052"
"Q186941","co0071509"
"Q192557","co0040938"
"Q273419","co0071911"
"Q626185","co0188167"
"Q117555","co0018704"
"Q127552","co0017902"
"Q158478","co0075541"
"Q158478","co0114119"
"Q179200","co0020206"
"Q640786","co0019150"
"Q75533","co0007480"
"Q191224","co0008970"
"Q201487","co0022792"
"Q219135","co0054040"
"Q242446","co0071326"
"Q191158","co0136662"
"Q200976","co0103059"
"Q219400","co0026841"
"Q644711","co0148520"
"Q116439","co0068471"
"Q177955","co0050989"
"Q79202","co0046718"
"Q168383","co0005073"
"Q622848","co0040620"
"Q626323","co0037043"
"Q645478","co0009514"
"Q645478","co0242875"
"Q141336","co0024010"
"Q159846","co0023400"
"Q301092","co0103531"
"Q632323","co0046206"
"Q72081","co0098353"
"Q262930","co0018526"
"Q621364","co0159111"
"Q624886","co0314851"
"Q72081","co0040024"
"Q126399","co0002663"
"Q141336","co0917448"
"Q141336","co0005475"
"Q167186","co0059975"
"Q179200","co0007143"
"Q186941","co0050868"
"Q192557","co0819670"
"Q219400","co0289659"
"Q200976","co0103091"
"Q267282","co0041421"
"Q141712","co0008753"
"Q341134","co0033780"
"Q279622","co0073016"
"Q642996","co0018897"
"Q1047410","co0074039"
"Q841730","co0036246"
"Q953040","co0028932"
"Q953040","co0781820"
"Q718996","co0003659"
"Q771272","co0080243"
"Q892897","co0086678"
"Q984047","co0147954"
"Q1026988","co0067041"
"Q1033488","co0103514"
"Q650331","co0042390"
"Q651454","co0005883"
"Q771529","co0142233"
"Q812893","co0097246"
"Q880187","co0036089"
"Q891732","co0001995"
"Q1047410","co0075995"
"Q7414","co0044374"
"Q648034","co0001429"
"Q676498","co0028037"
"Q678058","co0046151"
"Q798768","co0021593"
"Q878698","co0055954"
"Q1033465","co0111886"
"Q885885","co0047265"
"Q915718","co0065717"
"Q1012251","co0114132"
"Q649649","co0042399"
"Q775450","co0038663"
"Q822314","co0026545"
"Q947354","co0128798"
"Q951774","co0042559"
"Q662081","co0005861"
"Q842482","co0005031"
"Q908662","co0019626"
"Q913462","co0178269"
"Q963204","co0094849"
"Q971446","co0103694"
"Q1044291","co0094459"
"Q679912","co0840099"
"Q682748","co0071240"
"Q704497","co0003008"
"Q825291","co0227121"
"Q835486","co0083946"
"Q1022286","co0075448"
"Q1030364","co0081831"
"Q648034","co0011145"
"Q649649","co0043969"
"Q662081","co0095169"
"Q812893","co0064908"
"Q827462","co0177182"
"Q913462","co0172053"
"Q971446","co0844776"
"Q922453","co0040322"
"Q877706","co0211260"
"Q858937","co0020879"
"Q886871","co0277278"
"Q1012251","co0114114"
"Q968448","co0032235"
"Q369786","co0035535"
"Q462288","co0065227"
"Q515708","co0112669"
"Q547341","co0130412"
"Q609069","co0021154"
"Q618489","co0049648"
"Q495396","co0020261"
"Q540122","co0130901"
"Q564960","co0002257"
"Q577589","co0023958"
"Q577589","co0034492"
"Q577589","co0114161"
"Q1054807","co0133168"
"Q1111024","co0034438"
"Q1128577","co0030036"
"Q434841","co0000756"
"Q457893","co0009119"
"Q465449","co0022594"
"Q467348","co0020958"
"Q470851","co0059622"
"Q540172","co0088100"
"Q466459","co0021592"
"Q474369","co0094555"
"Q500088","co0129164"
"Q541569","co0313126"
"Q441021","co0137446"
"Q477943","co0057712"
"Q497155","co0049348"
"Q595808","co0067065"
"Q439623","co0252024"
"Q456294","co0011112"
"Q567633","co0017525"
"Q1124579","co0071452"
"Q465224","co0062707"
"Q465832","co0032679"
"Q511731","co0003687"
"Q557387","co0011134"
"Q606359","co0075442"
"Q618491","co0069575"
"Q1088324","co0030143"
"Q367466","co0051941"
"Q512858","co0031181"
"Q551580","co0065087"
"Q601408","co0122159"
"Q618091","co0073081"
"Q488710","co0114108"
"Q434841","co0781821"
"Q456294","co0258862"
"Q456294","co0054562"
"Q462288","co0034385"
"Q465893","co0992946"
"Q465224","co0022781"
"Q434841","co0103215"
"Q497155","co0925713"
"Q511731","co0310123"
"Q426078","co0366284"
"Q492725","co0246959"
"Q567633","co0497558"
"Q615141","co0014629"
"Q1243548","co0009445"
"Q1290581","co0033981"
"Q1302030","co0012925"
"Q1317176","co0219009"
"Q1414782","co0096009"
"Q24679","co0046754"
"Q1166160","co0050870"
"Q1250181","co0050385"
"Q1348264","co0076240"
"Q1416899","co0043853"
"Q1418294","co0063434"
"Q1433745","co0103101"
"Q1434607","co0071750"
"Q1149935","co0108372"
"Q1172062","co0032224"
"Q1189512","co0221986"
"Q1207592","co0078768"
"Q1283484","co0074787"
"Q1404450","co0123433"
"Q1415064","co0148492"
"Q23633","co0006163"
"Q1148711","co0179341"
"Q1188938","co0019968"
"Q1265201","co0027171"
"Q1303835","co0024573"
"Q1369459","co0071676"
"Q1370297","co0010568"
"Q1399331","co0203140"
"Q1445805","co0234956"
"Q1138658","co0029134"
"Q1146587","co0070177"
"Q1163074","co0209877"
"Q1188369","co0041460"
"Q1204077","co0038131"
"Q1320443","co0014453"
"Q1321379","co0005323"
"Q1421572","co0028527"
"Q1432993","co0093385"
"Q1475799","co0193923"
"Q1491737","co0058643"
"Q1136177","co0073404"
"Q1136277","co0103051"
"Q1235358","co0064001"
"Q1286620","co0042448"
"Q1375196","co0048273"
"Q1402636","co0133535"
"Q1402681","co0065798"
"Q1418400","co0026198"
"Q1475707","co0065872"
"Q1485801","co0209646"
"Q1152927","co0140250"
"Q1254356","co0076073"
"Q1262133","co0035815"
"Q1347462","co0087404"
"Q1368540","co0079753"
"Q1459090","co0042909"
"Q1138789","co0150452"
"Q1337744","co0122165"
"Q1257223","co0078062"
"Q1161600","co0014531"
"Q1131926","co0123730"
"Q1188369","co0051651"
"Q1183541","co0052706"
"Q1314010","co0078393"
"Q1324070","co0006440"
"Q1415344","co0057746"
"Q1374901","co0147346"
"Q1386879","co0038947"
"Q1415728","co0011287"
"Q1350785","co0357440"
"Q1433745","co0060069"
"Q1384900","co0051628"
"Q1390788","co0093011"
"Q1479555","co0222265"
"Q1414446","co0117761"
"Q1476080","co0008448"
"Q28252","co0136967"
"Q41468","co0021661"
"Q48340","co0165168"
"Q1521102","co0126058"
"Q1584258","co0033421"
"Q1607312","co0005584"
"Q1626895","co0036575"
"Q1756713","co0074827"
"Q1865797","co0067818"
"Q1532120","co0039876"
"Q1534882","co0192734"
"Q1646069","co0001577"
"Q1646069","co0117077"
"Q1778957","co0054961"
"Q1864936","co0147111"
"Q1498882","co0070355"
"Q1506909","co0035761"
"Q1535788","co0021421"
"Q1636748","co0228078"
"Q1654103","co0057495"
"Q1790458","co0031158"
"Q1530721","co0075703"
"Q1539596","co0174621"
"Q1748725","co0018020"
"Q1785723","co0141305"
"Q1494465","co0045248"
"Q1643954","co0193978"
"Q1696916","co0077190"
"Q1538543","co0020298"
"Q1543194","co0103629"
"Q1544011","co0022869"
"Q1544011","co0068747"
"Q1585284","co0117726"
"Q1633138","co0010270"
"Q1651169","co0092541"
"Q1579809","co0063961"
"Q1637250","co0073388"
"Q1674641","co0133372"
"Q1688330","co0041387"
"Q1706678","co0132161"
"Q1722143","co0003271"
"Q1785329","co0004265"
"Q1535837","co0054991"
"Q1584317","co0059609"
"Q1745453","co0018344"
"Q1755165","co0137447"
"Q1795301","co0033088"
"Q1530721","co0006414"
"Q1544011","co0039864"
"Q1544011","co0074790"
"Q1544011","co0108804"
"Q1568192","co0019661"
"Q1535748","co0196361"
"Q1536079","co0127501"
"Q1524732","co1012051"
"Q1595525","co0353758"
"Q1620386","co0289524"
"Q1652795","co0892368"
"Q1667339","co0214090"
"Q1668085","co0370259"
"Q1715802","co0135436"
"Q1718404","co0633501"
"Q1750213","co0092195"
"Q1752263","co0368981"
"Q1793325","co0084007"
"Q1584115","co0020263"
"Q1584115","co0215645"
"Q1584115","co0550008"
"Q1906017","co0165404"
"Q2121008","co0106948"
"Q2134649","co0043143"
"Q2554119","co0047611"
"Q1924930","co0159972"
"Q1938662","co0131103"
"Q1938797","co0085725"
"Q2363431","co0069857"
"Q2367528","co0031361"
"Q2384316","co0012524"
"Q2407366","co0128311"
"Q1979907","co0032104"
"Q2085058","co0241782"
"Q2245650","co0110977"
"Q2495083","co0072187"
"Q1868978","co0103018"
"Q1871246","co0073896"
"Q1891982","co0060132"
"Q1891982","co0210027"
"Q2098061","co0001172"
"Q2107384","co0068224"
"Q2148492","co0043072"
"Q2155901","co0055424"
"Q2248741","co0042362"
"Q2293215","co0285072"
"Q2407055","co0108965"
"Q2366570","co0745642"
"Q2376192","co0013844"
"Q2381773","co0036615"
"Q2579492","co0022730"
"Q1941221","co0108672"
"Q1971240","co0111038"
"Q1982923","co0086351"
"Q2012913","co0093748"
"Q2079232","co0010750"
"Q2450848","co0047476"
"Q2568272","co0312451"
"Q1881803","co0000275"
"Q1917021","co0046621"
"Q1975431","co0114188"
"Q2060840","co0057311"
"Q2170665","co0352959"
"Q2385609","co0062510"
"Q2439811","co0011837"
"Q2439811","co0160535"
"Q2014391","co0079417"
"Q2108391","co0088274"
"Q2138792","co0045569"
"Q2399565","co0056165"
"Q2415769","co0159772"
"Q1983457","co0030612"
"Q1983457","co0106129"
"Q1936615","co0009796"
"Q1936485","co0141205"
"Q1936629","co0112435"
"Q2002864","co0089811"
"Q2103056","co0032413"
"Q2111697","co0183431"
"Q2114144","co0030682"
"Q2124068","co1015642"
"Q2232074","co0299288"
"Q2371191","co0103083"
"Q2250686","co0637266"
"Q2407366","co0055367"
"Q2449483","co0000316"
"Q2375674","co0098640"
"Q2358680","co0390645"
"Q2358685","co0916645"
"Q2358689","co0017971"
"Q2450848","co0463976"
"Q2386906","co0195699"
"Q2378685","co0054381"
"Q2398333","co0041819"
"Q2406996","co0134350"
"Q2568272","co0008261"
"Q2451857","co0159478"
"Q2568777","co0064746"
"Q2644123","co0028775"
"Q2595160","co0160661"
"Q2601340","co0199208"
"Q2702789","co0142678"
"Q2748604","co0001935"
"Q2748604","co0643180"
"Q2748604","co0646023"
"Q2858710","co0088354"
"Q2892410","co0042742"
"Q2900022","co0044017"
"Q3046330","co0008159"
"Q3067564","co0065427"
"Q2816944","co0127559"
"Q2833663","co0068321"
"Q2930935","co0095557"
"Q3008749","co0033437"
"Q3020149","co0066458"
"Q2669403","co0073417"
"Q2703403","co0037554"
"Q2722120","co0042369"
"Q2748878","co0086262"
"Q2754549","co0014426"
"Q2866005","co0036163"
"Q2873244","co0076116"
"Q2910457","co0015762"
"Q3010012","co0058013"
"Q2793276","co0132772"
"Q2861046","co0147189"
"Q2869410","co0020920"
"Q2963175","co0049807"
"Q3005562","co0012382"
"Q2698248","co0106448"
"Q2823598","co0044578"
"Q2875131","co0114122"
"Q2926174","co0000858"
"Q2931045","co0047306"
"Q2996935","co0142408"
"Q3011043","co0054813"
"Q2816945","co0069569"
"Q2861044","co0048010"
"Q2865801","co0014903"
"Q2893565","co0018934"
"Q2973229","co0021150"
"Q2973229","ev0005696"
"Q2719775","co0075704"
"Q2756503","co0103050"
"Q2856187","co0194736"
"Q2902139","co0148020"
"Q2910219","co0136751"
"Q2945566","co0042307"
"Q3011104","co0874902"
"Q3060585","co0001755"
"Q2649438","co0142434"
"Q2740839","co0037775"
"Q2906631","co0054054"
"Q2938735","co0066515"
"Q2973049","co0017285"
"Q2943613","co0285367"
"Q2864822","co0063732"
"Q2669403","co0000700"
"Q2714630","co0086710"
"Q2796478","co0006475"
"Q2873053","co0131113"
"Q2873244","co0059675"
"Q2901576","co0112321"
"Q2925731","co0103038"
"Q2823848","co0251553"
"Q2850090","co0205979"
"Q2826544","co0111494"
"Q2830819","co0036242"
"Q2850600","co0018130"
"Q3067564","co0064409"
"Q2985194","co0068768"
"Q3126731","co0224040"
"Q3128481","co0030799"
"Q3073192","co0008182"
"Q3122953","co0067852"
"Q3098606","co0186190"
"Q3071502","co0037192"
"Q3072156","co0011565"
"Q3094288","co0005441"
"Q3149951","co0103220"
"Q3352944","co0022930"
"Q3232638","co0042129"
"Q3206016","co0007686"
"Q3236351","co0167020"
"Q3358940","co0193414"
"Q3193645","co0029831"
"Q3231567","co0007481"
"Q3232649","co0106723"
"Q3304113","co0064614"
"Q3363246","co0035433"
"Q3129183","co0083880"
"Q3193759","co0068363"
"Q3230674","co0008843"
"Q3232641","co0032342"
"Q3334902","co0183118"
"Q3381138","co0047594"
"Q3381427","co0085566"
"Q3429960","co0068476"
"Q3429960","co0625796"
"Q3460990","co0034331"
"Q3476213","co0074212"
"Q3132909","co0148528"
"Q3191452","co0198435"
"Q3211552","co0006560"
"Q3232642","co0055455"
"Q3339209","co0200136"
"Q3402325","co0103011"
"Q3146538","co0030118"
"Q3151648","co0110876"
"Q3177524","co0010434"
"Q3232647","co0367060"
"Q3337325","co0108259"
"Q3343544","co0085679"
"Q3368732","co0001757"
"Q3368732","co0106142"
"Q3368732","co0243102"
"Q3368732","co0384006"
"Q3368737","co0019372"
"Q3422434","co0029168"
"Q3138577","co0011026"
"Q3232633","co0031937"
"Q3282004","co0103644"
"Q3285496","co0064942"
"Q3352864","co0082221"
"Q3362049","co0052813"
"Q3420434","co0116469"
"Q3192914","co0038524"
"Q3208517","co0133034"
"Q3298993","co0635919"
"Q3349547","co0000384"
"Q3461319","co0065333"
"Q3232650","co0070074"
"Q3314282","co0056377"
"Q3129183","co0074749"
"Q3211378","co0101509"
"Q3232636","co0044473"
"Q3298993","co0045848"
"Q3304113","co0035890"
"Q3231301","co0091448"
"Q3232643","co0001411"
"Q3232648","co0008826"
"Q3232646","co0107501"
"Q3275123","co0034487"
"Q3275643","co0031419"
"Q3278407","co0073931"
"Q3282301","co0128386"
"Q3425474","co0067540"
"Q3311503","co0260528"
"Q3349121","co0020400"
"Q3358133","co0085786"
"Q3478483","co0224330"
"Q3347116","co0045653"
"Q3352673","co0253907"
"Q3374486","co0477096"
"Q3388555","co0474814"
"Q3372798","co0006584"
"Q3413369","co0159116"
"Q3503539","co0023529"
"Q3539712","co0016156"
"Q16253226","co0038270"
"Q3547244","co0318083"
"Q3547550","co0131238"
"Q15242616","co0268455"
"Q15242622","co0126452"
"Q16248321","co0369082"
"Q16249615","co0285648"
"Q16254360","co0175787"
"Q3499746","co0142485"
"Q3542595","co0103139"
"Q15241938","co0323546"
"Q15784205","co0047869"
"Q15818494","co0192931"
"Q15994987","co0397226"
"Q16242963","co0323215"
"Q16250829","co0245652"
"Q16254330","co0062935"
"Q16321327","co0132227"
"Q3496952","co0015284"
"Q15541465","co0073376"
"Q15648603","co0315120"
"Q15794414","co0342265"
"Q16409387","co0112213"
"Q16466235","co0016496"
"Q3486445","co0152219"
"Q3492475","co0114100"
"Q3566350","co0197868"
"Q15242318","co0128317"
"Q15845313","co0248288"
"Q16249090","co0360646"
"Q15227703","co0066246"
"Q15242433","co0275730"
"Q15730367","co0317367"
"Q15834771","co0366812"
"Q16162037","co0427540"
"Q16295348","co0167393"
"Q3487676","co0044327"
"Q3488561","co0333498"
"Q3489768","co0346034"
"Q15224941","co0110529"
"Q15982984","co0087545"
"Q16009977","co0173917"
"Q16010203","co0030686"
"Q16253212","co0137930"
"Q16254954","co0304175"
"Q15321663","co0131036"
"Q15851886","co0236384"
"Q15993918","co0054609"
"Q16242389","co0042076"
"Q16248298","co0390816"
"Q3500954","co0210188"
"Q3555701","co0132005"
"Q3512526","co0114012"
"Q3546608","co0139718"
"Q3523524","co0146460"
"Q3560299","co0774661"
"Q3565520","co0014323"
"Q3565607","co0067765"
"Q15868091","co0406312"
"Q15850488","co0431842"
"Q15941435","co0473611"
"Q16001578","co0095237"
"Q16155590","co0116486"
"Q16164132","co0797428"
"Q16238474","co0388355"
"Q16249376","co0190739"
"Q16246660","co0723730"
"Q16246881","co0359041"
"Q16251300","co0052823"
"Q16324267","co0083828"
"Q16337296","co0002599"
"Q16419434","co0027494"
"Q16829090","co0294073"
"Q16833998","co0094930"
"Q16938614","co0073781"
"Q16949665","co0248675"
"Q16955312","co0100463"
"Q16992365","co0214686"
"Q16634789","co0008929"
"Q16641018","co0330997"
"Q16711321","co0405709"
"Q16985548","co0103281"
"Q16529036","co0129581"
"Q16596685","co0146501"
"Q16923201","co0323381"
"Q16947333","co0259257"
"Q16952742","co0252349"
"Q16984664","co0098315"
"Q16992961","co0063650"
"Q16996606","co0037383"
"Q16997849","co0138460"
"Q17083140","co0084290"
"Q17021741","nm0414551"
"Q16589772","co0080753"
"Q16662670","co0032439"
"Q16981473","co0101220"
"Q16993353","co0040696"
"Q17072554","co0276852"
"Q16545771","co0032072"
"Q16672700","co0001537"
"Q16674257","co0139955"
"Q16823984","co0044798"
"Q16954085","co0309252"
"Q16967555","co0026662"
"Q16968923","co0047872"
"Q16991828","co0103146"
"Q16998082","co0146429"
"Q17082833","co0362371"
"Q16520948","co0367919"
"Q16875596","co0425462"
"Q16977078","co0345279"
"Q16988055","co0068054"
"Q17032103","co0103668"
"Q16631382","co0160992"
"Q16825684","co0016149"
"Q16852254","co0114348"
"Q16918792","co0311637"
"Q17037124","co0079219"
"Q17089516","co0306946"
"Q16677238","co0019993"
"Q16728600","co0223490"
"Q16966555","co0328872"
"Q16978065","co0469961"
"Q16683927","co0371982"
"Q16626839","co0062246"
"Q16693899","co0559301"
"Q16679546","co0170513"
"Q16848850","co0186065"
"Q16824324","co0093476"
"Q16820267","co0104651"
"Q16826132","co0365659"
"Q16934317","co0079404"
"Q16824419","co0103062"
"Q16840264","co0388051"
"Q16867167","co0052786"
"Q16934665","co0130958"
"Q16852264","co0186356"
"Q16993686","co0004060"
"Q16960149","co0187793"
"Q17021741","co0074741"
"Q16974661","co0023951"
"Q16977867","co0452862"
"Q16999846","co0051747"
"Q16937359","co0006564"
"Q16970313","co0032901"
"Q16971052","co0137298"
"Q16993555","co0061216"
"Q16997051","co0396057"
"Q16991978","co0077268"
"Q17001028","co0064299"
"Q17001446","co0251705"
"Q17076072","co0060306"
"Q16991797","co0211493"
"Q16995254","co0122791"
"Q17018154","co0435321"
"Q17006540","co0071605"
"Q17034359","co0271098"
"Q17049474","co0454418"
"Q17083933","co0109068"
"Q17056375","co0055326"
"Q17091614","co0164317"
"Q17076389","co0324259"
"Q17086647","co0146372"
"Q17093024","co0074988"
"Q17201386","co0180729"
"Q17305133","co0117723"
"Q17525024","co0431516"
"Q17592560","co0143281"
"Q17592777","co0063822"
"Q17770632","co0086720"
"Q18153385","co0178111"
"Q17093193","co0086971"
"Q17275620","co0011185"
"Q17300077","co0069651"
"Q17592311","co0219266"
"Q18180865","co0206362"
"Q18202467","co0184697"
"Q17092493","co0345956"
"Q17099699","co0030274"
"Q17335645","co0061706"
"Q17592750","co0051026"
"Q18180857","co0037852"
"Q17091909","co0052324"
"Q17093756","co0076352"
"Q17145684","co0119703"
"Q17149465","co0382715"
"Q17335666","co0286257"
"Q17343307","co0068186"
"Q17761887","co0042651"
"Q18029885","co0297765"
"Q17275678","co0017712"
"Q17335633","co0080168"
"Q17371375","co0094915"
"Q17415951","co0215519"
"Q17748080","co0027937"
"Q17768775","co0047165"
"Q18128040","co0427694"
"Q18180852","co0054262"
"Q18180861","co0037759"
"Q18180872","co0108829"
"Q17109548","co0186613"
"Q17335582","co0129181"
"Q17335713","co0081851"
"Q17386257","co0027956"
"Q18180858","co0075382"
"Q18180863","co0033149"
"Q17092884","co0053311"
"Q17105373","co0109508"
"Q17346576","co0080130"
"Q17592447","co0093920"
"Q17592716","co0223170"
"Q17096536","co0440557"
"Q17149205","co0091516"
"Q18155354","co0420822"
"Q17092663","co0187965"
"Q17142345","co0104594"
"Q17124268","co0667099"
"Q17150122","co0483675"
"Q17335567","co0119038"
"Q17335573","co0159642"
"Q17335735","co0107198"
"Q17295709","co0093765"
"Q17343562","co0116435"
"Q17346715","co0038108"
"Q17371406","co0044240"
"Q17371327","co0048235"
"Q17371486","co0198598"
"Q17377479","co0134950"
"Q17377891","co0058998"
"Q17335732","co0085751"
"Q17335612","co0047730"
"Q17335620","co0118694"
"Q17385899","co0119024"
"Q17386442","co0128419"
"Q17386674","co0136675"
"Q17386373","co0031366"
"Q17386859","co0010002"
"Q17386965","co0034515"
"Q17387146","co0037323"
"Q17387146","co0728154"
"Q17378004","co0137324"
"Q17305144","co0026281"
"Q17386560","co0019217"
"Q17386868","co0129095"
"Q17386901","co0015826"
"Q17386998","co0009772"
"Q17386998","co0013242"
"Q17371413","co0208799"
"Q17386418","co0042359"
"Q17377985","co0057931"
"Q17418032","co0667128"
"Q18053468","co0046867"
"Q3614072","co0047358"
"Q3784765","co0056805"
"Q3853193","co0094430"
"Q3999144","co0053086"
"Q3577506","co0042635"
"Q3614056","co0108325"
"Q3634702","co0261932"
"Q3645374","co0086543"
"Q3704004","co0046277"
"Q3569323","co0046203"
"Q3639301","co0008399"
"Q3791677","co0103121"
"Q3857797","co0036854"
"Q3964860","co0046390"
"Q4038074","co0324988"
"Q4121965","co0342335"
"Q3664077","co0037028"
"Q3703758","co0032081"
"Q3772936","co0073221"
"Q4041401","co0373679"
"Q3568109","co0024845"
"Q3640460","co0086589"
"Q3701643","co0026680"
"Q3739211","co0073684"
"Q3745392","co0023514"
"Q3776139","co0008682"
"Q3879177","co0679340"
"Q4036210","co0008195"
"Q3657087","co0010446"
"Q3657087","co0044371"
"Q3712525","co0112852"
"Q3783594","co0304983"
"Q3838997","co0003461"
"Q3841084","co0015641"
"Q3843364","co0134717"
"Q3875639","co0129644"
"Q3881062","co0163665"
"Q3954663","co0060952"
"Q3866664","co0016492"
"Q4050398","co0073557"
"Q4064115","co0130472"
"Q3620821","co0280627"
"Q3880776","co0017323"
"Q3886493","co0166963"
"Q3910771","co0034340"
"Q3960839","co0039101"
"Q3991282","co0129086"
"Q4010298","co0113509"
"Q3567885","co0049689"
"Q3621755","co0029259"
"Q3568117","co0090527"
"Q3712525","co0017280"
"Q3680556","co0007333"
"Q3840934","co0042375"
"Q3808345","co0011817"
"Q4034507","co0007061"
"Q3916353","co0001293"
"Q3992245","co0032110"
"Q4050212","co0540832"
"Q4030619","co0187256"
"Q4070336","co0163663"
"Q4043290","co0029640"
"Q4046704","co0007869"
"Q4096055","co0039984"
"Q4396820","co0072243"
"Q4396820","co0241742"
"Q4300318","co0013397"
"Q4403233","co0137977"
"Q18688863","co0020751"
"Q18689283","co0159276"
"Q4636285","co0122485"
"Q4646805","co0784835"
"Q4461039","co0151988"
"Q4530492","co0076398"
"Q4530492","co0111229"
"Q4530492","co0114195"
"Q4530492","co0126325"
"Q18219612","co0064748"
"Q18411902","co0085648"
"Q18452123","co0186752"
"Q4411312","co0017834"
"Q18219579","co0103613"
"Q18331625","co0054517"
"Q18688864","co0018116"
"Q18689062","co0086230"
"Q4353408","co0103338"
"Q4398014","co0072669"
"Q4504080","co0020442"
"Q4664352","co0268392"
"Q18219679","co0004522"
"Q4127371","co0424422"
"Q4186473","co0467774"
"Q4461043","co0100538"
"Q18207711","co0295946"
"Q18219569","co0094865"
"Q18219680","co0113177"
"Q18227792","co0019204"
"Q4341103","co0263003"
"Q4631061","co0050229"
"Q18682669","co0073557"
"Q18219588","co0103368"
"Q18219616","co0001443"
"Q18343365","co0594597"
"Q18589949","co0447811"
"Q18688791","co0057376"
"Q18689250","co0375015"
"Q18291788","co0190334"
"Q4327207","co0040781"
"Q4341103","co0946678"
"Q4362796","co0098807"
"Q4241295","co0034877"
"Q4353408","co0191843"
"Q4284283","co0031998"
"Q4340953","co0370689"
"Q4466160","co0114207"
"Q4461045","co0177826"
"Q4537458","co0178215"
"Q4672941","co0349033"
"Q4633078","co0180509"
"Q4639635","co0532101"
"Q4667826","co0262940"
"Q4653976","co0500651"
"Q18384665","co0425774"
"Q18603738","co0251097"
"Q18624254","co0215798"
"Q18823061","co0441526"
"Q19605713","co0450900"
"Q19060256","co0318001"
"Q19366218","co0237185"
"Q18759861","co0518696"
"Q18718839","co0070409"
"Q19715748","co0453056"
"Q19060427","co0035638"
"Q19544983","co0008438"
"Q19544983","co0145713"
"Q18694578","co0116515"
"Q19544196","co0065832"
"Q18816537","co0138207"
"Q18816537","co0264867"
"Q19278691","co0379260"
"Q18760440","co0392472"
"Q19295678","co0100408"
"Q19309961","co0006433"
"Q19612684","co0517585"
"Q19647966","co0325316"
"Q19702820","co0010967"
"Q20103327","co0058436"
"Q21036756","co0237790"
"Q21087048","co0004085"
"Q21153392","co0396277"
"Q21292713","co0063593"
"Q20724296","co0093409"
"Q21593055","co0002647"
"Q21940000","co0008327"
"Q21940019","co0095277"
"Q20730897","co0029784"
"Q20871978","co0042080"
"Q20895682","co0052725"
"Q21290667","co0062407"
"Q21481799","co0240317"
"Q21888019","co0032607"
"Q21936560","co0056435"
"Q21939994","co0035407"
"Q21955197","co0001282"
"Q21996310","co0056530"
"Q21996315","co0053324"
"Q22006419","co0093071"
"Q20871413","co0272448"
"Q20226881","co0035061"
"Q20723834","co0019398"
"Q20859663","co0042556"
"Q21939996","co0210374"
"Q20226339","co0085602"
"Q21027542","co0089507"
"Q21280723","co0037022"
"Q21281988","co0201678"
"Q21946796","co0127467"
"Q21994251","co0009086"
"Q22005788","co0021838"
"Q19818606","co0471578"
"Q19820048","co0137300"
"Q20225659","co0055345"
"Q21022090","co0037035"
"Q21810681","co0110938"
"Q21939865","co0112875"
"Q21940016","co0031230"
"Q19955849","co0075922"
"Q20635325","co0455844"
"Q20715669","co0581611"
"Q20874104","co0044439"
"Q21006823","co0197929"
"Q21116815","co0449458"
"Q21280724","co0018522"
"Q21292719","co0102320"
"Q21749946","co0005539"
"Q21996314","co0136698"
"Q22010130","co0002000"
"Q19947837","co0077719"
"Q20649206","co0468082"
"Q21428286","co0279402"
"Q21729773","co0066949"
"Q21940012","co0004658"
"Q19839170","co0342921"
"Q20227561","co0064794"
"Q20873087","co0073707"
"Q20885851","co0525512"
"Q21043142","co0084451"
"Q21856019","co0127846"
"Q21948084","co0052057"
"Q20085419","co0235870"
"Q19937635","co0792568"
"Q19751757","co0048144"
"Q19836100","co0072009"
"Q20002326","co0514471"
"Q20102493","co0032486"
"Q20001329","co0103033"
"Q20549507","co0084402"
"Q20870079","co0282520"
"Q20874201","co0018947"
"Q20978608","co0052718"
"Q21012866","co0216626"
"Q21012865","co0367031"
"Q21013766","co0127575"
"Q21097821","co0019617"
"Q21116818","co0330789"
"Q21964532","co0464520"
"Q22019379","co0012203"
"Q22037643","co0066736"
"Q22080360","co0479468"
"Q22344623","co0293284"
"Q22673821","co0054236"
"Q22674657","co0285716"
"Q24004758","co0036120"
"Q24251285","co0144824"
"Q24843191","co0188223"
"Q24849389","co0250462"
"Q24905340","co0072037"
"Q24905340","co0159669"
"Q24928644","co0071388"
"Q24984980","co0235208"
"Q25021936","co0172670"
"Q22019329","co0016368"
"Q22101822","co0198069"
"Q22280492","co0020759"
"Q22338566","co0328659"
"Q22674619","co0213273"
"Q22692531","co0157907"
"Q24038763","co0155398"
"Q24041658","co0442962"
"Q24206277","co0080654"
"Q24737523","co0268489"
"Q24737548","co0050544"
"Q22037025","co0012630"
"Q22037464","co0033686"
"Q22093521","co0201171"
"Q22247592","co0095209"
"Q22681612","co0018922"
"Q22999963","co0104115"
"Q23017119","co0190175"
"Q24806609","co0465725"
"Q24806916","co0093869"
"Q24817356","co0326530"
"Q24818133","co0093750"
"Q22013082","co0106790"
"Q22075433","co0457505"
"Q22227110","co0022195"
"Q22249125","co0044413"
"Q22254903","co0093991"
"Q22269313","co0093926"
"Q22295628","co0149992"
"Q24298819","co0119108"
"Q24806571","co0446409"
"Q24817339","co0111323"
"Q24817457","co0102305"
"Q24849470","co0158519"
"Q22032421","co0030735"
"Q22037377","co0079137"
"Q22087767","co0018723"
"Q22093567","co0199562"
"Q22260745","co0463712"
"Q22283906","co0131884"
"Q22328326","co0180408"
"Q23989932","co0064793"
"Q24806195","co0526863"
"Q24843224","co0007784"
"Q24884127","co0409514"
"Q24984710","co0013696"
"Q22019353","co0085853"
"Q22037462","co0095288"
"Q22093646","co0374282"
"Q22116620","co0002117"
"Q22270457","co0175913"
"Q22294983","co0106931"
"Q22807052","co0301801"
"Q23653648","co0195447"
"Q24206385","co0098492"
"Q24991641","co0095025"
"Q25081486","co0039362"
"Q22018835","co0017415"
"Q22019221","co0000666"
"Q22249288","co0136537"
"Q23016773","co0116500"
"Q24809489","co0357321"
"Q24817863","co0163543"
"Q22037587","co0067194"
"Q22045846","co0191745"
"Q24806406","co0255499"
"Q24809557","co0230970"
"Q25082757","co0152063"
"Q22080095","co0499845"
"Q22032221","co0088375"
"Q22116885","co0227225"
"Q22138459","co0068809"
"Q24935345","co0586839"
"Q23134478","co0249350"
"Q24023480","co0814636"
"Q24526094","co0432493"
"Q24932906","co0197387"
"Q24992162","co0046771"
"Q25054226","co0368653"
"Q4763574","co0103290"
"Q5035871","co0060324"
"Q4692877","co0060367"
"Q4781165","co0074765"
"Q4873777","co0086888"
"Q4906369","co0139928"
"Q4959677","co0008941"
"Q5025981","co0095507"
"Q5062987","co0060886"
"Q5118178","co0100394"
"Q4712274","co0017640"
"Q4732231","co0088616"
"Q4734961","co0130084"
"Q4853294","co0079484"
"Q4928436","co0176238"
"Q5092960","co0234391"
"Q4740868","co0319272"
"Q4816516","co0146284"
"Q4824388","co0047127"
"Q4826385","co0027708"
"Q4816418","co0038231"
"Q4894639","co0035905"
"Q4920477","co0197375"
"Q4940756","co0122213"
"Q4820037","co0021062"
"Q4822585","co0034719"
"Q5120638","co0031121"
"Q4817412","co0073393"
"Q4824145","co0002712"
"Q4986006","co0281356"
"Q4998158","co0101137"
"Q5046954","co0001938"
"Q5098090","co0103608"
"Q5098089","co0107157"
"Q4713372","co0282748"
"Q4732569","co0052092"
"Q4926610","co0046849"
"Q5109242","co0059221"
"Q4743771","co0076195"
"Q4736749","co0050734"
"Q4716170","co0033800"
"Q4699601","co0106900"
"Q4732568","co0137927"
"Q4732600","co0123633"
"Q4742003","co0091524"
"Q4879144","co0014925"
"Q4763633","co0047652"
"Q4781046","co0886014"
"Q4789713","co0059567"
"Q4823427","co0091360"
"Q4789706","co0116599"
"Q4823371","co0084529"
"Q4824147","co0062402"
"Q4826543","co0149848"
"Q4959237","co0160127"
"Q4959237","co0451431"
"Q4839054","co0075636"
"Q4971161","co0103266"
"Q4835390","co0019647"
"Q4853486","co0103019"
"Q4980924","co0068126"
"Q4949642","co0071996"
"Q4879286","co0095111"
"Q4970516","co0103020"
"Q4752661","co0067793"
"Q4930294","co0080947"
"Q4939388","co0103888"
"Q5050140","co0017499"
"Q5057425","co0152921"
"Q5062987","co0048865"
"Q4968078","co0214340"
"Q4970126","co0103053"
"Q4974348","co0103913"
"Q5000499","co0072497"
"Q5025938","co0006731"
"Q5037773","co0132405"
"Q5058382","co0075896"
"Q5119335","co0090502"
"Q5120665","co0113550"
"Q25252381","co0037669"
"Q25266057","co0107034"
"Q25267461","co0009667"
"Q25917011","co0133018"
"Q26904750","co0010079"
"Q26904750","co0068642"
"Q27188259","co0226345"
"Q28114157","co0146265"
"Q28861971","co0093409"
"Q25271242","co0011770"
"Q25516987","co0174885"
"Q25655135","co0022244"
"Q25659706","co0049646"
"Q25713819","co0057284"
"Q25894735","co0587257"
"Q27963143","co0306296"
"Q27972969","co0010155"
"Q28122236","co0002107"
"Q28735356","co0587139"
"Q25291400","co0044165"
"Q25352772","co0071947"
"Q25557249","co0238673"
"Q25577221","co0012088"
"Q25857998","co0078748"
"Q25894734","co0057460"
"Q27646824","co0545565"
"Q28473821","co0403950"
"Q25169853","co0028276"
"Q25267477","co0021057"
"Q25292136","co0193580"
"Q25390743","co0004535"
"Q25659094","co0152165"
"Q25713808","co0024945"
"Q27150184","co0380492"
"Q28122222","co0152255"
"Q28402637","co0570873"
"Q28494249","co0682339"
"Q28496060","co0608508"
"Q28537651","co0066724"
"Q25266020","co0007801"
"Q25266072","co0102285"
"Q25267478","co0168658"
"Q25288772","co0168898"
"Q25354810","co0071144"
"Q25387737","co0007104"
"Q25655621","co0036392"
"Q25713834","co0185733"
"Q25713854","co0004967"
"Q25929170","co0010995"
"Q25230602","co0265187"
"Q25252221","co0039362"
"Q25430830","co0415583"
"Q25796540","co0078167"
"Q25881967","co0078628"
"Q27965048","co0080276"
"Q28833131","co0149584"
"Q25267483","co0067367"
"Q25418626","co0033868"
"Q25857997","co0023403"
"Q25915604","co0063879"
"Q25929166","co0076881"
"Q26703733","co0379496"
"Q26742068","co0058425"
"Q27958088","co0478443"
"Q28122092","co0147325"
"Q28670740","co0052476"
"Q25112064","co0080834"
"Q25289813","co0093759"
"Q25350109","co0048322"
"Q25354650","co0127668"
"Q25660077","co0069136"
"Q27694781","co0568954"
"Q28122241","co0206741"
"Q25266021","co0110950"
"Q25267459","co0918903"
"Q25561579","co0078420"
"Q26210003","co0495396"
"Q27825834","co0106821"
"Q27963186","co0713440"
"Q27990632","co0303179"
"Q28106083","co0640836"
"Q28412462","co0504309"
"Q28403775","co0390849"
"Q28493403","co0598499"
"Q28494629","co0009196"
"Q107212168","co0028228"
"Q107872457","co0165354"
"Q108162913","co0104435"
"Q107168704","co0037907"
"Q107467334","co0139592"
"Q107935270","co0012116"
"Q107587840","co0174246"
"Q107212543","co0088245"
"Q107391544","co0086377"
"Q29885927","co0460628"
"Q30740712","co0042129"
"Q107620971","co0101113"
"Q29577770","co0030789"
"Q107212204","co0070002"
"Q107711645","co0024600"
"Q107741376","co0134191"
"Q29474213","co0059725"
"Q29476737","co0029223"
"Q107167267","co0326312"
"Q107150566","co0220758"
"Q107167389","co0122195"
"Q107185474","co0080655"
"Q107344292","co0531943"
"Q107549787","co0019451"
"Q107549787","co0019947"
"Q107564494","co0214005"
"Q107600399","co0012650"
"Q107543661","co0092069"
"Q107528521","co0068013"
"Q107556666","co0275769"
"Q107681766","co0104308"
"Q107587867","co0056295"
"Q107587820","co0150634"
"Q107587860","co0803828"
"Q107587871","co0069485"
"Q107587876","co0964428"
"Q107587886","co0067991"
"Q107587892","co0030542"
"Q107587940","co0031352"
"Q107587982","co0652348"
"Q107587994","co0733575"
"Q107587999","co0261263"
"Q107588013","co0573960"
"Q107588018","co0336657"
"Q107605785","co0003237"
"Q107605638","co0709829"
"Q107605646","co0334662"
"Q107605667","co0120282"
"Q107605763","co0178948"
"Q107605766","co0298376"
"Q107605769","co0343800"
"Q107605774","co0343624"
"Q107605776","co0246988"
"Q107620362","co0239158"
"Q107658628","co0080287"
"Q107676601","co0040470"
"Q107711658","co0081237"
"Q107699963","co0097247"
"Q107832772","co0106882"
"Q107711153","co0054671"
"Q107711198","co0035267"
"Q107809261","co0035013"
"Q107741404","co0134190"
"Q107816968","co0795701"
"Q107876617","co0112416"
"Q107805680","co0078336"
"Q107808760","co0012472"
"Q107812502","co0127692"
"Q107920207","co0131083"
"Q108108296","co0059188"
"Q108124101","co0089457"
"Q108124392","co0111522"
"Q108169003","co0971516"
"Q108169864","co0322169"
"Q108133627","co1025770"
"Q108133627","co0088393"
"Q108133627","co0247995"
"Q30174965","co0007078"
"Q30275019","co0201446"
"Q30737776","co0039740"
"Q28869972","co0360289"
"Q29017788","co0284042"
"Q29836837","co0240550"
"Q107400727","co0500810"
"Q107400727","co0819731"
"Q29390930","co0057092"
"Q30281082","co0562039"
"Q30737762","co0032782"
"Q30737775","co0042052"
"Q107711179","co0005352"
"Q107816856","co0099531"
"Q108535484","co0017147"
"Q108256132","co0082167"
"Q108535487","co0093749"
"Q108535511","co0195419"
"Q108256029","co0044294"
"Q108284407","co0530401"
"Q108435408","co0804213"
"Q108535505","co0266668"
"Q108183168","co0073359"
"Q108213998","co0090675"
"Q108286656","co0133540"
"Q108188827","co0770858"
"Q108286784","co0067437"
"Q108257665","co0086499"
"Q108408450","co0330719"
"Q108408451","co0432564"
"Q108408834","co0644726"
"Q108527676","co0605695"
"Q108535492","co0108470"
"Q108535493","co0012864"
"Q108535518","co0192097"
"Q108535503","co0018768"
"Q108535514","co0521171"
"Q108535512","co0371521"
"Q5165225","co0075226"
"Q5243097","co0138052"
"Q5436183","co0098544"
"Q5473190","co0054508"
"Q5398867","co0164586"
"Q5422590","co0182221"
"Q5303438","co0174958"
"Q5434191","co0019535"
"Q5511936","co0150676"
"Q5531622","co0025254"
"Q5122739","co0134333"
"Q5328635","co0002638"
"Q5328635","co0243348"
"Q5453219","co0010508"
"Q5173461","co0044932"
"Q5357370","co0003899"
"Q5398366","co0091462"
"Q5403512","co0003653"
"Q5449167","co0335586"
"Q5501189","co0134711"
"Q5511988","co0151471"
"Q5120868","co0089870"
"Q5189389","co0077329"
"Q5223268","co0020061"
"Q5333876","co0103777"
"Q5395348","co0050176"
"Q5399520","co0819175"
"Q5448978","co0007463"
"Q5462409","co0284276"
"Q5486858","co0085788"
"Q5135688","co0106865"
"Q5187036","co0017949"
"Q5448913","co0255702"
"Q5449046","co0027719"
"Q5182716","co0130503"
"Q5189359","co0103148"
"Q5209681","co0207802"
"Q5374088","co0022018"
"Q5419397","co0019447"
"Q5420432","co0023948"
"Q5527238","co0279095"
"Q5412078","co0029714"
"Q5153874","co0071222"
"Q5182716","co0013899"
"Q5204823","co0068448"
"Q5120892","co0042227"
"Q5126862","co0009658"
"Q5153826","co0042209"
"Q5191876","co0246959"
"Q5183534","co0347444"
"Q5207248","co0146576"
"Q5244675","co0063390"
"Q5276759","co0109213"
"Q5369517","co0066648"
"Q5398867","co0816169"
"Q5448886","co0103532"
"Q5347527","co0056206"
"Q5347527","co0013347"
"Q5433853","co0060480"
"Q5448895","co0251858"
"Q5450256","co0292936"
"Q5449048","co0064716"
"Q5493621","co0023460"
"Q5448979","co0916736"
"Q5449117","co0004642"
"Q5452059","co0040305"
"Q5474463","co0108619"
"Q5474463","co0014828"
"Q5474463","co0092307"
"Q5448897","co0013950"
"Q5450035","co0090400"
"Q5463918","co0137973"
"Q5492455","co0116480"
"Q5509350","co0100360"
"Q5582745","co0007554"
"Q5620347","co0108816"
"Q5646566","co0133023"
"Q5861995","co0017978"
"Q6047285","co0112848"
"Q6102137","co0109632"
"Q5641085","co0142577"
"Q6034505","co0346908"
"Q6039889","co0021038"
"Q6107567","co0081433"
"Q5975134","co0103289"
"Q5641523","co0000345"
"Q5805499","co0190319"
"Q6756841","co0111307"
"Q7155151","co0086382"
"Q7229317","co0151093"
"Q5583638","co0103418"
"Q5684820","co0113563"
"Q5685696","co0112898"
"Q6016549","co0019670"
"Q5987928","co0103022"
"Q5610650","co0209305"
"Q6073094","co0189162"
"Q5586187","co0021430"
"Q5593631","co0018555"
"Q5885206","co0274453"
"Q5582469","co0258098"
"Q5594436","co0312811"
"Q6047187","co0180063"
"Q6723688","co0248396"
"Q7056228","co0123995"
"Q6585645","co0059547"
"Q5575218","co0237697"
"Q5580364","co0018398"
"Q5571070","co0026273"
"Q5613168","co0082189"
"Q5604585","co0040314"
"Q5641909","co0233257"
"Q5642817","co0007485"
"Q5672652","co0031926"
"Q5674985","co0084281"
"Q5728351","co0292989"
"Q5712086","co0346292"
"Q5793330","co0337166"
"Q5903471","co0218910"
"Q5839228","co0140118"
"Q5903471","co0103190"
"Q5984808","co0021467"
"Q5922969","co0006247"
"Q5934020","co0046881"
"Q5963484","co0284031"
"Q6071133","co0083985"
"Q5984983","co0562296"
"Q5989527","co0047462"
"Q6000315","co0035737"
"Q5975697","co0721007"
"Q5969454","co0044161"
"Q6030199","co0276910"
"Q6050606","co0077645"
"Q6080339","co0683537"
"Q6075035","co0193199"
"Q6104009","co0084054"
"Q6161768","co0052705"
"Q6529894","co0004360"
"Q6869566","co0463368"
"Q6972890","co0546833"
"Q7096127","co0181338"
"Q7075989","co0113801"
"Q7053610","co0123904"
"Q7112041","co0048032"
"Q7118322","co0172841"
"Q7237070","co0034241"
"Q42532951","co0654234"
"Q47088762","co0050485"
"Q7278580","co0788131"
"Q8072859","co0102257"
"Q11499015","co0217946"
"Q7924442","co0059559"
"Q8021105","co0008281"
"Q8036075","co0116560"
"Q11859563","co0086894"
"Q11888710","co0073930"
"Q10272801","co0548475"
"Q38851304","co0044952"
"Q7263277","co0034195"
"Q7445452","co0230132"
"Q7804805","co0114900"
"Q7857815","co0024499"
"Q41786723","co0481584"
"Q42344218","co0634068"
"Q43386104","co0469990"
"Q11854635","co0071899"
"Q45313939","co0652393"
"Q42306583","co0234110"
"Q47137694","co0128407"
"Q39275266","co0060489"
"Q42296932","co0148706"
"Q11248425","co0168723"
"Q42891549","co0352856"
"Q34686947","co0073541"
"Q45313638","co0468624"
"Q7421058","co0005130"
"Q39050829","co0440693"
"Q43376179","co0246000"
"Q47155153","co0091397"
"Q7893895","co0242101"
"Q31273179","co0142617"
"Q44827897","co0647756"
"Q46996477","co0276404"
"Q41635406","co0294459"
"Q42212794","co0083822"
"Q42212872","co0617193"
"Q10578172","co0164271"
"Q10578172","co0524815"
"Q7249852","co0034404"
"Q7398933","co0135479"
"Q7391860","co0098530"
"Q7492286","co0689167"
"Q7544706","co0107302"
"Q7696797","co0022693"
"Q7695747","co0051962"
"Q7801656","co0142550"
"Q7841393","co0106775"
"Q7847497","co0196627"
"Q7962257","co0203311"
"Q7975599","co0009442"
"Q8028532","co0067672"
"Q8063117","co0037910"
"Q8069350","co0104481"
"Q8073491","co0081109"
"Q8210440","co0019763"
"Q8565217","co0545358"
"Q9033551","co0127803"
"Q10770879","co0739684"
"Q10770882","co0091966"
"Q11883266","co0008101"
"Q41594791","co0318380"
"Q42286429","co0079389"
"Q33108601","co0065952"
"Q36147622","co0605254"
"Q42384042","co0423337"
"Q30854293","co0328966"
"Q31074246","co0067846"
"Q31197934","co0123927"
"Q38252300","co0845818"
"Q39075149","co0045465"
"Q55401372","co0038768"
"Q56010222","co0375240"
"Q49514976","co0000357"
"Q47733740","co0320014"
"Q47847215","co0027040"
"Q48798886","co0124626"
"Q48798886","co0520762"
"Q48941505","co0160070"
"Q49097973","co0066222"
"Q51880129","co0094452"
"Q51980271","co0269789"
"Q52161566","co0073853"
"Q55344655","co0050575"
"Q55631243","co0128188"
"Q55636706","co0010654"
"Q56247596","co0128383"
"Q56474046","co0245364"
"Q108535519","co0278175"
"Q47971175","co0012626"
"Q49451846","co0328497"
"Q53791470","co0079825"
"Q54805277","co0235745"
"Q54805308","co0056249"
"Q108662072","co0831329"
"Q55078578","co0151409"
"Q56037094","co0670094"
"Q56318108","co0475128"
"Q56849283","co0063863"
"Q47163061","co0145699"
"Q50826023","co0234306"
"Q50858977","co0484128"
"Q108633827","co0284355"
"Q108639094","co0163276"
"Q108673439","co0141296"
"Q54805279","co0376756"
"Q54953618","co0319513"
"Q55705977","co0037930"
"Q56013874","co0708654"
"Q56307092","co0103216"
"Q56441393","co0129339"
"Q56451450","co0296341"
"Q57181048","co0046083"
"Q48812264","co0457690"
"Q48969572","co0049215"
"Q55729438","co0150349"
"Q52113885","co0032225"
"Q52144658","co0032582"
"Q55708672","co0237039"
"Q56148954","co0188072"
"Q56441365","co0600346"
"Q56441515","co0281892"
"Q50491222","co0518841"
"Q52433375","co0013718"
"Q54231866","co0108282"
"Q55078572","co0023441"
"Q55543370","co0585762"
"Q55605409","co0583949"
"Q57334772","co0645358"
"Q50858003","co0157434"
"Q54805286","co0011901"
"Q55407804","co0180774"
"Q55933990","co0152432"
"Q56070712","co0022973"
"Q56275266","co0689444"
"Q56301027","co0134097"
"Q56441336","co0262573"
"Q50491647","co0260040"
"Q47847215","co0840099"
"Q55078569","co0016391"
"Q55708368","co0193642"
"Q47851761","co0129054"
"Q48873365","co0086411"
"Q110955621","co0297998"
"Q113148432","co0257356"
"Q108773803","co0790520"
"Q109301276","co0792884"
"Q109930540","co0868944"
"Q110466786","co0026972"
"Q108750502","co0057362"
"Q109043476","co0025521"
"Q110783691","co0259162"
"Q111109904","co0641890"
"Q108751609","co0165059"
"Q109502305","co0044550"
"Q110703710","co0281599"
"Q110703721","co0293292"
"Q110822911","co0063873"
"Q110940427","co0520434"
"Q111016124","co0788245"
"Q113141405","co0004999"
"Q109101258","co0766527"
"Q113132521","co0074477"
"Q109323239","co0335687"
"Q109456807","co0098558"
"Q110703668","co0244225"
"Q110784228","co0710943"
"Q113137732","co0185200"
"Q110815867","co0497786"
"Q110815867","co0641235"
"Q108673527","co0182324"
"Q108693644","co0405867"
"Q108784198","co0372260"
"Q108784219","co0689133"
"Q108784264","co0134199"
"Q108784312","co0757242"
"Q108806670","co0892194"
"Q108849255","co0848914"
"Q108850505","co0783825"
"Q108872970","co0691706"
"Q108873001","co0788776"
"Q108872988","co0163700"
"Q108857263","co0089758"
"Q109101089","co0288542"
"Q109144934","co0169332"
"Q109314358","co0410416"
"Q109318340","co0018168"
"Q109318340","co0280386"
"Q109365815","co0151551"
"Q109414084","co0465154"
"Q109423042","co0623881"
"Q109453649","co0346249"
"Q110899453","co0238435"
"Q109729132","co0033499"
"Q109772644","co0254903"
"Q109806519","co0554619"
"Q109950719","co0040795"
"Q110042502","co0617145"
"Q110107360","co0359603"
"Q110174240","co0582076"
"Q110199741","co0840300"
"Q110263279","co0001355"
"Q110268477","co0675610"
"Q110264015","co0887800"
"Q110425582","co0034247"
"Q110537007","co0352835"
"Q110460547","co0293017"
"Q110688188","co0074285"
"Q110797456","co0674765"
"Q110899491","co0100769"
"Q110907671","co0031375"
"Q110906632","co0192988"
"Q110889186","co0332151"
"Q110905007","co0012258"
"Q110908127","co0641891"
"Q110907621","co0169241"
"Q110943096","co0686256"
"Q110943096","co0502748"
"Q110948836","co0088856"
"Q110970346","co0406508"
"Q110996211","co0051857"
"Q110992391","co0708824"
"Q111051470","co0188756"
"Q111108985","co0870200"
"Q111096544","co0023601"
"Q111133751","co0826130"
"Q111132676","co0309221"
"Q110039907","co0012647"
"Q110971678","co0108215"
"Q111015906","co0514556"
"Q113132847","co0016501"
"Q115122333","co0166967"
"Q115147429","co0352555"
"Q115096562","co0361447"
"Q115111694","co0042976"
"Q115063569","co0170900"
"Q113181779","co0098235"
"Q113240995","co0683181"
"Q113463801","co0013761"
"Q113532777","co0294101"
"Q113571791","co0168488"
"Q113587053","co0351347"
"Q113633610","co0699564"
"Q113579007","co0006708"
"Q113699912","co0385392"
"Q113870766","co0037782"
"Q114162947","co0064357"
"Q114358138","co0106985"
"Q114797454","co0079272"
"Q114810722","co0123200"
"Q115096393","co0006708"
"Q113453995","co0646366"
"Q113565024","co0331905"
"Q113897121","co0031802"
"Q113991614","co0167861"
"Q114314448","co0899948"
"Q114358131","co0039980"
"Q114869235","co0491580"
"Q113152427","co0147441"
"Q113458931","co0056866"
"Q113682043","co0033711"
"Q113793974","co0041439"
"Q113996194","co0078123"
"Q114016343","co0094469"
"Q114040225","co0023559"
"Q114148516","co0025921"
"Q114248935","co0451947"
"Q114630446","co0467964"
"Q114774792","co0600147"
"Q113181698","co0460618"
"Q113181772","co0045825"
"Q113197925","co0381090"
"Q113242162","co0575954"
"Q113458934","co0308587"
"Q113514998","co0864676"
"Q113633603","co0328020"
"Q113996195","co0146164"
"Q114016372","co0097488"
"Q114342029","co0408626"
"Q114600514","co0047473"
"Q114614175","co0008881"
"Q113360719","co0158466"
"Q113458913","co0567787"
"Q113579929","co0372912"
"Q113585196","co0103462"
"Q113793995","co0178106"
"Q113863767","co0008245"
"Q113946194","co0074316"
"Q114016358","co0094476"
"Q114239321","co0042447"
"Q114358133","co0078368"
"Q114392268","co0047668"
"Q114966474","co0066350"
"Q113220333","co0173482"
"Q113234914","co0145516"
"Q113240963","co0270207"
"Q113536751","co0272904"
"Q113564698","co0176612"
"Q113977588","co0507197"
"Q114240404","co0065043"
"Q114379613","co0024635"
"Q114689255","co0015192"
"Q114730015","co0039862"
"Q115096401","co0153396"
"Q113345467","co0988124"
"Q113453654","co0186756"
"Q113633973","co0057163"
"Q113644926","co0231411"
"Q113934971","co0894394"
"Q114839480","co0623396"
"Q113343743","co0787399"
"Q113390650","co0510107"
"Q113625627","co0027408"
"Q113633973","co0009205"
"Q113676647","co0108921"
"Q113687974","co0187831"
"Q113699916","co0481806"
"Q113843887","co0151573"
"Q114054534","co0303591"
"Q113361212","co0428406"
"Q113460488","co0070471"
"Q113564659","co0326635"
"Q113565635","co0298581"
"Q113565635","co0308089"
"Q113625619","co0112570"
"Q114241295","co0033712"
"Q6535000","co0148097"
"Q6748456","co0048620"
"Q7118104","co0035583"
"Q7118104","co0405793"
"Q7158172","co0358992"
"Q6410530","co0014599"
"Q6859039","co0056496"
"Q7102772","co0110088"
"Q7263919","co0103397"
"Q6296536","co0065292"
"Q6389652","co0066464"
"Q6745872","co0221332"
"Q6916489","co0148304"
"Q7247721","co0035468"
"Q7015142","co0036600"
"Q6703227","co0069352"
"Q7196772","co0174816"
"Q7261086","co0193544"
"Q7268400","co0137438"
"Q6420004","co0040855"
"Q6535870","co0035953"
"Q6858916","co0042678"
"Q7106441","co0323943"
"Q7114148","co0154426"
"Q7273750","co0046238"
"Q6112017","co0001505"
"Q6736868","co0363158"
"Q6744471","co0042718"
"Q6972872","co0078352"
"Q7284877","co0045552"
"Q6167452","co0158529"
"Q6516806","co0208971"
"Q6813261","co0109502"
"Q6873560","co0025100"
"Q6973624","co0064529"
"Q7021311","co0134529"
"Q7168754","co0123772"
"Q7226018","co0202713"
"Q7250053","co0058765"
"Q7251925","co0018431"
"Q7283242","co0158136"
"Q7050801","co0003868"
"Q6110408","co0082066"
"Q6122898","co0066854"
"Q6373523","co0076348"
"Q6411303","co0004893"
"Q6502174","co0296971"
"Q6410613","co0215688"
"Q6391437","co0101456"
"Q6393277","co0023336"
"Q6407487","co0282397"
"Q6490466","co0022123"
"Q6550856","co0026361"
"Q6544876","co0123751"
"Q6730752","co0184003"
"Q6721904","co0053632"
"Q6805440","co0051264"
"Q6683941","co0108255"
"Q6717433","co0122884"
"Q6724969","co0065438"
"Q6787898","co0061650"
"Q6972668","co0017720"
"Q6907680","co0153566"
"Q7018547","co0082027"
"Q6934892","co0330943"
"Q6948183","co0033226"
"Q6952279","co0154622"
"Q7008938","co0300446"
"Q7045728","co0153924"
"Q7058641","co0033379"
"Q7006678","co0083952"
"Q7073917","co0043192"
"Q7132755","co0101484"
"Q7090325","co0053892"
"Q7115453","co0049775"
"Q7193947","co0011301"
"Q7195048","co0001470"
"Q7126164","co0063707"
"Q7167002","co0132496"
"Q7168755","co0753354"
"Q7243604","co0191623"
"Q7273145","co0102795"
"Q7270938","co0004395"
"Q7286715","co0100598"
"Q7386084","co0053790"
"Q12327545","co0371840"
"Q12709477","co0087696"
"Q7339672","co0119624"
"Q7360829","co0139513"
"Q7304367","co0039303"
"Q7366534","co0119714"
"Q11902589","co0338519"
"Q7294167","co0057610"
"Q7341324","co0121367"
"Q11997302","co0104730"
"Q7355120","co0034207"
"Q11894292","co0068153"
"Q7339672","co0017716"
"Q7373814","co0124692"
"Q7367039","co0060967"
"Q7397072","co0050242"
"Q11894293","co0100428"
"Q11901793","co0178061"
"Q12062633","co0261290"
"Q12138691","co0719206"
"Q62630056","co0500945"
"Q63644028","co0070863"
"Q63920385","co0212929"
"Q57403410","co0311678"
"Q59723471","co0121028"
"Q60924002","co0082580"
"Q63898224","co0005818"
"Q63902552","co0282910"
"Q63919750","co0130888"
"Q57648993","co0058093"
"Q17086011","co0031410"
"Q61123223","co0079918"
"Q17991836","co0387652"
"Q60644453","co0722789"
"Q60753989","co0288691"
"Q61088518","co0325207"
"Q61394020","co0583351"
"Q62512737","co0213199"
"Q62512826","co0280552"
"Q62513463","co0271600"
"Q63089260","co0233453"
"Q63439510","co0775515"
"Q63904387","co0176086"
"Q12960186","co0069372"
"Q15154276","co0025904"
"Q16632366","co0048350"
"Q16965879","co0016134"
"Q16635238","co0328053"
"Q60841033","co0280652"
"Q16839205","co0139758"
"Q63251823","co0554249"
"Q62565077","co0017905"
"Q63866634","co0130862"
"Q63969808","co0234923"
"Q61119402","co0066634"
"Q62665475","co0294904"
"Q63899321","co0017915"
"Q58035287","co0054875"
"Q16959592","co0107382"
"Q60232476","co0575180"
"Q60726624","co0265983"
"Q63940482","co0114369"
"Q13157864","co0035308"
"Q14101391","co0011094"
"Q16057754","co0300537"
"Q16545070","co0057440"
"Q16880055","co0076278"
"Q16977035","co0072367"
"Q17022826","co0007106"
"Q17218299","co0470237"
"Q17278268","co0310479"
"Q17514657","co0024598"
"Q57541102","co0246342"
"Q57594934","co0133369"
"Q57832058","co0395973"
"Q62384036","co0006963"
"Q58424193","co0115277"
"Q61942752","co0026024"
"Q64007570","co0095180"
"Q64434913","co0159923"
"Q64975503","co0017901"
"Q65552208","co0298509"
"Q66926414","co0167786"
"Q64976115","co0417906"
"Q66442281","co0025500"
"Q111256364","co0613744"
"Q64488868","co0002663"
"Q64841532","co0217917"
"Q64976162","co0021586"
"Q64976192","co0012835"
"Q64975235","co0139641"
"Q65131675","co0360597"
"Q64976170","co0795814"
"Q64976161","co0351610"
"Q65070256","co0702568"
"Q64975522","co0265316"
"Q65589027","co0010286"
"Q65953272","co0726682"
"Q66086218","co0041081"
"Q67201134","co0700792"
"Q111195537","co0013634"
"Q111256646","co0309085"
"Q111182915","co0027632"
"Q66424714","co0280652"
"Q111133757","co0358404"
"Q111181621","co0034827"
"Q111253812","co0659336"
"Q111362777","co0082295"
"Q66730451","co0074841"
"Q69491547","co0055988"
"Q65050604","co0407348"
"Q65180385","co0045345"
"Q65251596","co0312969"
"Q65549009","co0054007"
"Q65563041","co0059076"
"Q64777447","co0447556"
"Q64975454","co0106836"
"Q64976084","co0056916"
"Q64996129","co0621858"
"Q65050748","co0312902"
"Q65178210","co0398931"
"Q65589412","co0079355"
"Q65589430","co0082026"
"Q66140873","co0209560"
"Q66164871","co0374106"
"Q66165211","co0440480"
"Q68150977","co0765310"
"Q64070942","co0452941"
"Q64620698","co0249698"
"Q65090344","co0155117"
"Q65092043","co0065184"
"Q65589420","co0023183"
"Q66624421","co0052098"
"Q67206008","co0614311"
"Q64667698","co0025973"
"Q65084821","co0097334"
"Q65084821","co0141038"
"Q111190446","co0025441"
"Q111200447","co0014321"
"Q111360430","co0160061"
"Q69491733","co0413795"
"Q64738165","co0521779"
"Q64819822","co0540951"
"Q64975453","co0029760"
"Q65092113","co0009916"
"Q65231596","co0014497"
"Q65231745","co0025667"
"Q65466263","co0131166"
"Q65564080","co0008116"
"Q65949946","co0573374"
"Q111364562","co0092709"
"Q111369969","co0189772"
"Q111914984","co0392249"
"Q112166726","co0009609"
"Q112607467","co0688016"
"Q112842985","co0406609"
"Q112847471","co0832013"
"Q113000926","co0000272"
"Q113019165","co0298596"
"Q113019168","co0172327"
"Q111475937","co0670857"
"Q112864620","co0114420"
"Q112954597","co0497566"
"Q113045299","co0040488"
"Q112226413","co0460620"
"Q112679362","co0386592"
"Q112751239","co0774535"
"Q112761550","co0671580"
"Q112821258","co0300985"
"Q112868058","co0416779"
"Q112916316","co0147420"
"Q113027342","co0781710"
"Q112607474","co0789408"
"Q112805475","co0108320"
"Q112843842","co0128646"
"Q112948522","co0217922"
"Q113016469","co0759496"
"Q112346027","co0032657"
"Q112820266","co0067650"
"Q112843469","co0001499"
"Q112864617","co0155351"
"Q111531672","co0284437"
"Q111812321","co0712584"
"Q112020394","co0807130"
"Q112226410","co0497051"
"Q112674806","co0178197"
"Q113019166","co0248566"
"Q111784576","co0122438"
"Q111490641","co0577502"
"Q111364504","co0092559"
"Q111434819","co0115740"
"Q111457344","co0036096"
"Q111508186","co0193514"
"Q111508191","co0193569"
"Q111710915","co0363739"
"Q111724531","co0668292"
"Q111986165","co0378922"
"Q112224696","co0242277"
"Q112224683","co0068690"
"Q112232720","co0148017"
"Q112265391","co0610953"
"Q112265396","co0205235"
"Q112265416","co0189811"
"Q112470682","co0612559"
"Q112604242","co0721527"
"Q112618843","co0068319"
"Q112744674","co0151099"
"Q112731680","co0052190"
"Q112749789","co0084505"
"Q112745539","co0001178"
"Q112769571","co0080776"
"Q112775559","co0050666"
"Q111730265","co0658689"
"Q111743339","co0039296"
"Q111749435","co0220083"
"Q111749436","co0095377"
"Q112156071","co0005803"
"Q112226288","co0078209"
"Q112750282","co0357888"
"Q112750282","co0468635"
"Q112750282","co0669148"
"Q112803436","co0630277"
"Q113016441","co0377989"
"Q111637280","co0086521"
"Q112764050","co0275356"
"Q112812126","co0089969"
"Q112843827","co0128440"
"Q112843839","co0719540"
"Q112876829","co0013770"
"Q112897878","co0024104"
"Q115329332","co0588143"
"Q115392857","co0301560"
"Q115413149","co0561112"
"Q115424395","co0704944"
"Q115497804","co0223810"
"Q116242069","co0564506"
"Q116442731","co0818494"
"Q113111040","co0271167"
"Q113116894","co0017917"
"Q115497882","co0374741"
"Q115788577","co0070191"
"Q115788595","co0146472"
"Q113131475","co0027104"
"Q115245417","co0095291"
"Q115476219","co0071707"
"Q116256977","co0718318"
"Q116365335","co0113695"
"Q116455476","co0123233"
"Q115301322","co0947014"
"Q115937333","co0632419"
"Q116056738","co0969258"
"Q116188737","co0003297"
"Q116222353","co0864324"
"Q116288303","co0890429"
"Q116452589","co0101972"
"Q115311765","co0601402"
"Q115424311","co0640768"
"Q115697549","co0259765"
"Q113112143","co0219197"
"Q113125981","co0771764"
"Q115257316","co0108386"
"Q115284947","co0798897"
"Q115489844","co0351221"
"Q115538509","co0627803"
"Q115898704","co0483309"
"Q113104259","co0229283"
"Q113111995","co0115530"
"Q113112046","co0239585"
"Q115184198","co0273485"
"Q115247331","co0064335"
"Q115267688","co0580463"
"Q115311553","co0339509"
"Q115497812","co0374586"
"Q115854172","co0002214"
"Q116603580","co0320042"
"Q116659192","co0600071"
"Q116774987","co0141352"
"Q116775022","co0220559"
"Q116775025","co0321587"
"Q116776985","co0878823"
"Q116786319","co0037366"
"Q116827092","co0716080"
"Q116856322","co0521950"
"Q116908795","co0164886"
"Q116972593","co0856613"
"Q116998326","co0219482"
"Q116998328","co0159962"
"Q117037387","co0317663"
"Q117037393","co0378154"
"Q117037391","co0193840"
"Q117037399","co0424550"
"Q117037471","co0439370"
"Q117090125","co0103214"
"Q116856047","co0006331"
"Q113116290","co0878407"
"Q113124813","co0207822"
"Q113119128","co0016423"
"Q116953916","co0016413"
"Q116257582","co0238435"
"Q115434319","co0352233"
"Q115434319","co0076136"
"Q115869971","co0063079"
"Q115869815","co0220845"
"Q116596035","co0916113"
"Q116779219","co0268457"
"Q116875076","co0240244"
"Q116920990","co1006646"
"Q113112027","co0043054"
"Q113112171","co0172623"
"Q113112270","co0557984"
"Q113112268","co0376555"
"Q115199664","co0111388"
"Q115236626","co0583474"
"Q115944474","co0001462"
"Q116188723","co0150505"
"Q116256338","co0036058"
"Q117162328","co0985422"
"Q117206640","co0130861"
"Q117210355","co0050438"
"Q117306548","co0987558"
"Q117353850","co0238607"
"Q117353859","co0338948"
"Q117353862","co0360618"
"Q117846421","co0124743"
"Q117846423","co0298647"
"Q117846423","co0497797"
"Q117846424","co0278257"
"Q118114848","co0662462"
"Q118390770","co0097319"
"Q118390865","co0407818"
"Q117684575","co0849655"
"Q118445020","co0338571"
"Q118465458","co0727990"
"Q118559460","co0327067"
"Q118720187","co0746158"
"Q118851503","co0728779"
"Q118851516","co0825850"
"Q118851570","co0586836"
"Q118851614","co0526470"
"Q118851620","co0587150"
"Q118918307","co0118190"
"Q118724830","co0942308"
"Q118725064","co0937095"
"Q118501306","co0133959"
"Q118977899","co0389237"
"Q8068612","co0044802"
"Q8069122","co0041491"
"Q7398909","co0095193"
"Q7575869","co0031672"
"Q7621235","co0035339"
"Q7996335","co0109361"
"Q8023529","co0390648"
"Q7461122","co0014501"
"Q7798425","co0135555"
"Q7914838","co0005025"
"Q7425991","co0010885"
"Q7553796","co0038864"
"Q7675087","co0012653"
"Q7687354","co0392902"
"Q7600573","co0444158"
"Q7786448","co0017713"
"Q8036645","co0093416"
"Q7460427","co0043801"
"Q7628118","co0075557"
"Q7641261","co0043184"
"Q7923503","co0126028"
"Q7933978","co0310456"
"Q7969872","co0104859"
"Q7969876","co0202028"
"Q7460421","co0021127"
"Q7634417","co0072475"
"Q7641839","co0006373"
"Q7641839","co0007126"
"Q7752106","co0118469"
"Q7920227","co0053308"
"Q7489801","co0184526"
"Q7500096","co0172364"
"Q7605619","co0175166"
"Q7643346","co0150627"
"Q7676429","co0089024"
"Q7698270","co0103168"
"Q7933914","co0047069"
"Q8028786","co0371102"
"Q8035724","co0069862"
"Q7424563","co0054568"
"Q7536483","co0040220"
"Q7577891","co0143192"
"Q7969706","co0064773"
"Q7569831","co0129030"
"Q7411497","co0189536"
"Q7457177","co0045848"
"Q7406084","co0099642"
"Q7537869","co0046351"
"Q7416898","co0002760"
"Q7560946","co0005371"
"Q7566109","co0036887"
"Q7568115","co0076716"
"Q7491105","co0074385"
"Q7488444","co0969128"
"Q7573630","co0021533"
"Q7514003","co0239007"
"Q7550456","co0159028"
"Q7639024","co0112012"
"Q7570041","co0325330"
"Q7574543","co0226451"
"Q7667850","co0145724"
"Q7690062","co0088457"
"Q7730782","co0318154"
"Q7733857","co0187451"
"Q7757177","co0214371"
"Q7832202","co0019738"
"Q7797072","co0042682"
"Q7810226","co0437667"
"Q7812943","co0126613"
"Q7817481","co0173554"
"Q7835731","co0158645"
"Q7801550","co0104400"
"Q7949667","co0041824"
"Q7863699","co0029806"
"Q7980611","co0003274"
"Q7882528","co0086813"
"Q7916154","co0215791"
"Q7921410","co0141210"
"Q7971135","co0103268"
"Q8036489","co0104697"
"Q7984168","co0089427"
"Q7971204","co0110344"
"Q7994621","co0158029"
"Q8033895","co0064720"
"Q8036486","co0155092"
"Q8044587","co0617201"
"Q8051674","co0156964"
"Q8068615","co0078470"
"Q8049324","co0136740"
"Q10498467","co0056755"
"Q11296615","co0270211"
"Q11331812","co0132500"
"Q11616378","co0045635"
"Q11656841","co0186635"
"Q11849936","co0025537"
"Q8564327","nm3438179"
"Q10495189","co0010615"
"Q11854398","co0194953"
"Q11887890","co0029574"
"Q11888496","co0328873"
"Q11949849","co0056461"
"Q9332264","co0121786"
"Q11225145","co0137425"
"Q11480194","co0197401"
"Q11868555","co0027287"
"Q11884046","co0086451"
"Q11901596","co0010455"
"Q11945882","co0284012"
"Q11388932","co0127861"
"Q11502569","co0009183"
"Q11852789","co0062955"
"Q8204054","co0036756"
"Q10319190","co0199243"
"Q10498468","co0044140"
"Q11477244","co0195713"
"Q11523938","co0131196"
"Q11896144","co0027870"
"Q8563183","co0347482"
"Q10476475","co0044355"
"Q11339955","co0087552"
"Q11854643","co0222467"
"Q11855697","co0085637"
"Q11899294","co0369582"
"Q11945143","co0004981"
"Q8214167","co0041195"
"Q11079561","co0482817"
"Q11865616","co0171205"
"Q11871934","co0016489"
"Q11871934","co0092102"
"Q11871934","co0297826"
"Q11439439","co0070663"
"Q11859381","co0085629"
"Q11859484","co0003605"
"Q11861564","co0006523"
"Q10581511","co0050553"
"Q10453214","co0054077"
"Q10495171","co0059852"
"Q10495171","co0643824"
"Q10512753","co0038445"
"Q10512753","co0643181"
"Q11864358","co0257722"
"Q8071490","co0100462"
"Q8240129","co0134298"
"Q8240129","co0148031"
"Q8251861","co0184560"
"Q8564327","co0365114"
"Q9049760","co0007127"
"Q9143596","co0034872"
"Q9372058","co0039268"
"Q9384514","co0057200"
"Q9400597","co0483785"
"Q11785238","co0101982"
"Q10410032","co0203859"
"Q10434937","co0141598"
"Q10500097","co0227074"
"Q10590609","co0079897"
"Q10638461","co0071771"
"Q10719511","co0093488"
"Q10890670","co0208796"
"Q11190583","co0179653"
"Q11352124","co0045504"
"Q11312039","co0167540"
"Q11283902","co0022201"
"Q11569690","co0086350"
"Q11882864","co0002572"
"Q11902497","co0121705"
"Q41886357","co0100786"
"Q52232930","co0150878"
"Q48790938","co0142332"
"Q48976518","co0403958"
"Q11957492","co0085782"
"Q12333944","co0325585"
"Q66351091","co0413298"
"Q56321413","co0593529"
"Q56401400","co0762023"
"Q59244931","co0233816"
"Q59348846","co0285226"
"Q60169475","co0600785"
"Q18689292","co0093508"
"Q62512777","co0181363"
"Q12162653","co0090825"
"Q65071046","co0746781"
"Q12301653","co0035818"
"Q12308880","co0298818"
"Q70724014","co0635103"
"Q12306712","co0079876"
"Q12594195","co0150349"
"Q13103124","co0046330"
"Q78793577","co0209226"
"Q79586112","co0904254"
"Q80455720","co0079764"
"Q18370014","co0048735"
"Q12333670","co0481050"
"Q19799592","co0151935"
"Q12006943","co0113048"
"Q12312120","co0130359"
"Q18168039","co0036136"
"Q60238569","co0165074"
"Q30589038","co0447669"
"Q61977631","co0371840"
"Q20828496","co0397128"
"Q11963364","co0055095"
"Q12005220","co0291724"
"Q13026113","co0394573"
"Q26705616","co0527308"
"Q26989880","co0482062"
"Q20827684","co0017621"
"Q11956464","co0270142"
"Q11968840","co0023617"
"Q12302972","co0084259"
"Q55334267","co0115028"
"Q55334267","co0116547"
"Q35230134","co0212797"
"Q18154751","co0326604"
"Q19007879","co0359958"
"Q29907955","co0036834"
"Q21019197","co0354897"
"Q54366468","co0407010"
"Q65081856","co0053559"
"Q60873998","co0128471"
"Q20895569","co0123759"
"Q12711204","co0007147"
"Q12021499","co0213966"
"Q12306672","co0230992"
"Q12307599","co0147427"
"Q12327304","co0147340"
"Q12341741","co0345517"
"Q12401098","co0241696"
"Q18335056","co0151069"
"Q19007879","co0361731"
"Q19007879","co0202458"
"Q42305720","co0368541"
"Q18149793","co0008347"
"Q18389327","co0982008"
"Q19839127","co0311753"
"Q19939260","co0530871"
"Q20022895","co0069573"
"Q35234323","co0146945"
"Q20312364","co0073569"
"Q20598360","co0183290"
"Q20732455","co0044714"
"Q20970470","co0883130"
"Q20970470","co0593607"
"Q47481944","co0759945"
"Q63893295","co0013021"
"Q24204185","co0406325"
"Q24960171","co0111306"
"Q27561052","co0046803"
"Q98905212","co0671208"
"Q91396313","co0625845"
"Q82518253","co0091962"
"Q104883013","co0599623"
"Q106341729","co0081846"
"Q92135287","co0310777"
"Q85804726","co0132388"
"Q86672804","co0779330"
"Q91336376","co0152188"
"Q95000029","co0918312"
"Q96096376","co0632423"
"Q97274881","co0813072"
"Q104715131","co0781400"
"Q104734963","co0372661"
"Q104778010","co0310410"
"Q105494145","co0147477"
"Q106643870","co0388708"
"Q106685614","co0882267"
"Q107119036","co0611530"
"Q107603553","co0802273"
"Q107603564","co0573042"
"Q107603618","co0485456"
"Q107640007","co0544443"
"Q107640013","co0828675"
"Q119138938","co0007773"
"Q119156775","co0170111"
"Q119294205","co0071041"
"Q119360981","co0134936"
"Q119372891","co0186795"
"Q119410468","co0068437"
"Q119422928","co0074202"
"Q119459641","co0056333"
"Q119483375","co0136931"
"Q119498868","co0191624"
"Q119519808","co0076014"
"Q119578512","co0774559"
"Q119585525","co0980457"
"Q119625796","co0046722"
"Q119628842","co0007705"
"Q119662949","co0047782"
"Q119693099","co0103043"
"Q119807878","co0820700"
"Q119853468","co0069085"
"Q119941307","co0127418"
"Q119952108","co0114003"
"Q119952543","co0097275"
"Q119952543","co0138110"
"Q119968977","co0300238"
"Q119998757","co0016598"
"Q120122334","co0047144"
"Q120170547","co0017013"
"Q120232163","co0069083"
"Q120273474","co0125490"
"Q120373299","co0151553"
"Q120377404","co0979779"
"Q120402881","co0642905"
"Q120483080","co0041871"
"Q120494512","co0368003"
"Q120514511","co0772953"
"Q120646472","co0057394"
"Q120694073","co0341125"
"Q120694076","co0288023"
"Q120694090","co0261235"
"Q120793936","co0403201"
"Q120789078","co0055078"
"Q120870005","co0065288"
"Q120870008","co0483282"
"Q121097519","co0623498"
"Q121097519","co0195536"
"Q119143082","co0538435"
"Q119331863","co0123242"
"Q119984366","co0047999"
"Q120661445","co0057619"
"Q121035055","co0080997"
"Q121035592","co0188909"
"Q87772288","co0641098"
"Q127990","co0228519"
"Q157118","co0005084"
"Q160236","co0052307"
"Q166419","co0030121"
"Q188740","co0050966"
"Q362280","co0073149"
"Q287218","co0209226"
"Q287218","co0067205"
"Q332498","co0029469"
"Q371400","co0000078"
"Q371400","co0183824"
"Q371400","co0093282"
"Q371400","co0213389"
"Q371400","co0507520"
"Q688333","co0075510"
"Q806575","co0278029"
"Q797084","co0060901"
"Q844652","co0080662"
"Q1074681","co0023675"
"Q544150","co0096434"
"Q634019","co0179259"
"Q896183","co0013148"
"Q966852","co0061343"
"Q626178","co0031877"
"Q746676","co0072491"
"Q912601","co0135631"
"Q428457","co0015560"
"Q461761","co0045850"
"Q652390","co0086397"
"Q463665","co0022570"
"Q390216","co0267758"
"Q598841","co0801955"
"Q604775","co0959582"
"Q623578","co0203566"
"Q654762","co0826044"
"Q654762","co0105848"
"Q781404","co0035453"
"Q662814","co0204898"
"Q705551","co0040074"
"Q705557","co0220802"
"Q739627","co0033440"
"Q769416","co0208177"
"Q782783","co0132825"
"Q907311","co0144901"
"Q907311","co0825975"
"Q861764","co0011682"
"Q925249","co0738806"
"Q1057890","co0287656"
"Q1117048","co0107732"
"Q1140147","co0143568"
"Q1210241","co0104098"
"Q1337530","co0196576"
"Q2864966","nm0037720"
"Q3060562","co0029701"
"Q1156642","co0005035"
"Q1529957","co0340174"
"Q1784787","co0062684"
"Q1884239","co0113622"
"Q2390480","co0017671"
"Q2930916","co0078023"
"Q1518953","co0053559"
"Q1165638","co0103818"
"Q2699769","co0307278"
"Q1803714","co0072838"
"Q2084961","co0010224"
"Q2939795","co0106806"
"Q2973075","co0051822"
"Q2973178","co0037403"
"Q2973178","co0148812"
"Q2973178","co0444363"
"Q2973178","co0715130"
"Q2094992","co0106853"
"Q2717612","co0161074"
"Q2814799","co0161074"
"Q1796719","co0080859"
"Q2392262","co0084021"
"Q2864832","co0977026"
"Q1152955","co0059627"
"Q1202628","co0583971"
"Q1233678","co0179406"
"Q1419926","co0047269"
"Q1432195","co0006628"
"Q1464509","co0242058"
"Q1550785","co0076406"
"Q1997139","co0004678"
"Q2111437","co0056454"
"Q2172090","co0716221"
"Q2202344","co0006599"
"Q2232038","co0146175"
"Q2255257","co0308873"
"Q2309835","co0066445"
"Q2315393","co0478448"
"Q2449543","co0243110"
"Q2528743","co0399490"
"Q2565882","co0877438"
"Q2635608","co0317830"
"Q2742913","co0105115"
"Q2701539","co0020670"
"Q2816650","co0950810"
"Q2814176","co0476293"
"Q2818996","co0033054"
"Q2881259","co0719942"
"Q2880386","co0699845"
"Q2904714","co0126772"
"Q2968481","co0100633"
"Q3060562","co0024944"
"Q3041471","co0083940"
"Q3299128","co0298750"
"Q5249982","co0093771"
"Q3331002","co0007500"
"Q3242008","co0026995"
"Q3366977","co0046394"
"Q3401312","co0206196"
"Q3959689","co0170849"
"Q3194369","co0100242"
"Q3546631","co0101352"
"Q3614290","co0171381"
"Q3716880","nm6372569"
"Q4900034","co0062109"
"Q3273914","co0102807"
"Q3313794","co0030249"
"Q3492330","co0069834"
"Q3588139","co0022068"
"Q3661476","co0335926"
"Q3929496","nm9449251"
"Q3178829","co0040747"
"Q3784105","co0022072"
"Q3783414","co0004023"
"Q3406684","co0006963"
"Q3199495","co0232523"
"Q3406930","co0090306"
"Q3550689","co0011888"
"Q121140881","co0353564"
"Q121170203","co0122434"
"Q121160015","co0103522"
"Q3094476","co0022459"
"Q3109988","co0076476"
"Q3325728","co0223402"
"Q3415155","co0075567"
"Q3551276","co0046126"
"Q3980259","co0088817"
"Q3980774","co0001874"
"Q4264431","co0151119"
"Q5172293","co0015758"
"Q5357493","co0185913"
"Q3156943","co0154159"
"Q3298971","co0076018"
"Q3250618","co0057808"
"Q3305015","co0077842"
"Q3441934","co0868278"
"Q3457700","co0045714"
"Q3480080","co0207074"
"Q3501023","co0217789"
"Q3493809","co0257075"
"Q3512565","co0075036"
"Q3497143","co0024812"
"Q3498146","co0161016"
"Q3600483","co0113687"
"Q3716880","co0270233"
"Q3808346","co0136940"
"Q3929496","co0068775"
"Q3992297","co0670206"
"Q3941965","co0090320"
"Q4707117","co0128239"
"Q4636263","co0028239"
"Q4683944","co0273405"
"Q4904972","co0490568"
"Q5071736","co0080717"
"Q5197125","co0098767"
"Q5467439","co0012917"
"Q5514763","co0009754"
"Q122924839","co0015560"
"Q121170350","co0386815"
"Q121172941","co0351198"
"Q121265552","co0891626"
"Q121294679","co0008507"
"Q121321808","co0865025"
"Q121437547","co0030029"
"Q121437547","co0663673"
"Q121467132","co0993615"
"Q121863780","co0239109"
"Q122157193","co0322765"
"Q122158814","co0389941"
"Q122176697","co0516399"
"Q122176701","co0278851"
"Q122233212","co0862431"
"Q122234196","co0995780"
"Q122312901","co0005333"
"Q122330869","co0095189"
"Q122374673","co0318011"
"Q121626565","co0080036"
"Q122388988","co0567662"
"Q122388988","co0097494"
"Q122389007","co0095185"
"Q122389093","co0624454"
"Q122389073","co0384527"
"Q122389134","co0016053"
"Q122389148","co0364182"
"Q122389173","co0198261"
"Q122415826","co0106892"
"Q122542295","co0068306"
"Q121971806","co0704158"
"Q122602581","co0587840"
"Q122089231","co0754311"
"Q122090115","co0701921"
"Q122191224","co1018811"
"Q122224547","co0028774"
"Q122856124","co0332430"
"Q122856621","co0849050"
"Q122820059","co0302241"
"Q122950069","co0035064"
"Q122950077","co0098836"
"Q122950081","co0020570"
"Q122950093","co0126913"
"Q122950104","co0137897"
"Q122950110","co0008432"
"Q122950114","co0051947"
"Q122950120","co0022835"
"Q122950125","co0627878"
"Q122950130","co0033881"
"Q122950132","co0042450"
"Q122950141","co0152564"
"Q122949681","co0403503"
"Q122950147","co0146267"
"Q122949690","co0453485"
"Q122950162","co0057639"
"Q122950296","co0065023"
"Q122950342","co0200058"
"Q122950441","co0042781"
"Q122950654","co0005198"
"Q122950662","co0040132"
"Q122950666","co0002928"
"Q122950668","co0552128"
"Q122950679","co0075882"
"Q122950688","co0629762"
"Q122950698","co0130921"
"Q122950707","co0079559"
"Q122950790","co0078912"
"Q122950791","co0203497"
"Q122950799","co0536014"
"Q122950797","co0025451"
"Q122950807","co0004824"
"Q122950814","co0011564"
"Q122950818","co0067561"
"Q122950821","co0042818"
"Q122950824","co0040351"
"Q122950917","co0189064"
"Q122950994","co0027834"
"Q122951149","co0044247"
"Q122951191","co0038089"
"Q122951220","co0437457"
"Q122951410","co0458133"
"Q122951612","co0041088"
"Q122951620","co0093586"
"Q122951624","co0104570"
"Q122951628","co0110358"
"Q122951634","co0042592"
"Q122951639","co0039098"
"Q122951663","co0030850"
"Q122951666","co0033213"
"Q122951672","co0198453"
"Q122951680","co0206176"
"Q122953534","co0822606"
"Q122954076","co0435099"
"Q122954901","co0103681"
"Q122954915","co0136388"
"Q122954946","co0028457"
"Q122954968","co0209525"
"Q122954970","co0064096"
"Q122954972","co0020717"
"Q122955535","co0065715"
"Q122955546","co0197491"
"Q122955573","co0513195"
"Q122955757","co0137799"
"Q122955832","co0132435"
"Q122955845","co0042019"
"Q122998729","co0061991"
"Q122998734","co0070470"
"Q122998743","co0165124"
"Q122998768","co0006241"
"Q122998783","co0055083"
"Q122988772","co0329044"
"Q122988990","co0592664"
"Q122998871","co0071784"
"Q122998881","co0134100"
"Q122998889","co0145685"
"Q122998895","co0779514"
"Q122998910","co0047855"
"Q122998913","co0119020"
"Q122999076","co0256020"
"Q123004520","co0383794"
"Q123004529","co0419552"
"Q123004539","co0335966"
"Q123004550","co0455823"
"Q123004555","co0186244"
"Q123007114","co0041248"
"Q123009673","co0327152"
"Q123038406","co0128376"
"Q123038445","co0103294"
"Q123056630","co0521312"
"Q123056636","co0077956"
"Q123084037","co0253521"
"Q123084562","co0173542"
"Q123084816","co0173542"
"Q123084895","co0169930"
"Q123084927","co0176915"
"Q123084949","co0169411"
"Q123084955","co0168906"
"Q123084959","co0169505"
"Q123084986","co0128871"
"Q123085036","co0168985"
"Q123150762","co0123764"
"Q123157518","co0914494"
"Q123197210","co0659173"
"Q123237630","co0454616"
"Q123331034","co0021714"
"Q123354006","co0132920"
"Q5179769","co0038645"
"Q6155948","co0052424"
"Q6155948","co0079578"
"Q4912005","co0231580"
"Q5389773","co0029426"
"Q5475561","co0064844"
"Q11655865","co0341401"
"Q5876554","co0101298"
"Q6808043","tt0442812"
"Q7142727","co0103812"
"Q5120764","co0123022"
"Q11896514","co0088541"
"Q11896514","co0499176"
"Q11950961","co0216537"
"Q5527684","co0353668"
"Q6671365","co0107080"
"Q7284931","co0345313"
"Q7855903","co0005051"
"Q10623185","co0258616"
"Q11856229","co0000558"
"Q11856229","co0254592"
"Q11916453","co0142715"
"Q5131896","co0165031"
"Q6583383","co0023031"
"Q7303556","co0128283"
"Q7847492","co0179037"
"Q4906387","co0116585"
"Q5009262","co0183875"
"Q5018392","co0199689"
"Q5029030","co0282108"
"Q5048655","co0009547"
"Q5058898","co0106759"
"Q5173743","co0054949"
"Q5238369","co0103432"
"Q5414361","co0103398"
"Q5476988","co0025998"
"Q5476713","co0423932"
"Q5554822","co0289873"
"Q5730922","co0029081"
"Q5897868","co0196137"
"Q6155948","co0059072"
"Q6024105","co0080779"
"Q6089452","co0080813"
"Q6312954","co0382129"
"Q6728381","co0291662"
"Q6917767","co0223902"
"Q7119088","co0149671"
"Q7270900","co0851857"
"Q7488442","co0155133"
"Q7601525","co0254651"
"Q7685882","co0063966"
"Q7924439","co0817261"
"Q10539697","co0004517"
"Q8034908","co0180243"
"Q8062956","co0208122"
"Q8193234","co0195620"
"Q8353357","co0020462"
"Q10310717","co0377894"
"Q10347048","co0372752"
"Q10351738","co0481181"
"Q10424135","co0357824"
"Q10701588","co0034533"
"Q10872932","co0093039"
"Q11088821","co0368097"
"Q11250949","co0238515"
"Q11311808","co0228694"
"Q11850227","co0137001"
"Q11955266","co0467734"
"Q69494669","co0311744"
"Q12498661","co0249232"
"Q14716055","co0244450"
"Q15210611","co0141469"
"Q17067950","co0411290"
"Q22085360","co0026249"
"Q14409149","co0253090"
"Q25713037","co0085580"
"Q18151738","co0223766"
"Q21427655","co0387428"
"Q13420050","co0371886"
"Q16672698","co0013235"
"Q17089496","nm4226708"
"Q18710538","co0297413"
"Q19390279","co0137257"
"Q12034149","co0114097"
"Q24577172","co0124029"
"Q14630558","co0338904"
"Q16249595","co0376813"
"Q20019122","co0223632"
"Q22080593","co0373736"
"Q23196833","co0152164"
"Q13104534","co0016812"
"Q15208154","co0215458"
"Q26961779","co0222747"
"Q17063507","co0251916"
"Q14481463","co0046271"
"Q14481463","co0323717"
"Q15211001","co0125544"
"Q18688838","co0302193"
"Q19881676","co0505811"
"Q21283207","co0159697"
"Q15221267","co0346929"
"Q19309936","co0259009"
"Q21056523","co0399282"
"Q22021534","co0070636"
"Q22238198","co0324319"
"Q22712108","co0114095"
"Q24290039","co0019749"
"Q24905052","co0269133"
"Q12512558","co0435930"
"Q13057224","co0165248"
"Q13157115","co0184152"
"Q18689057","co0125503"
"Q18689058","co0068497"
"Q13424767","co1015411"
"Q13571479","co0503985"
"Q14437403","co0035045"
"Q14637216","co0139685"
"Q14920514","co0067247"
"Q15064803","co0144770"
"Q15633350","co0490354"
"Q16481466","co0739692"
"Q16955997","co0320384"
"Q16956463","co0655178"
"Q17089496","co0400057"
"Q17090176","co0131874"
"Q17500543","co0760536"
"Q18152037","co0434242"
"Q18654941","co0459592"
"Q19947380","co0037641"
"Q19965834","co0528768"
"Q20402993","co0869042"
"Q21000554","co0565575"
"Q24196182","co0214624"
"Q24577156","co0090248"
"Q25212683","co0110425"
"Q26966398","co0059753"
"Q69496204","co0245435"
"Q79805044","co0272402"
"Q70105003","co0719926"
"Q70583734","co0132208"
"Q72184530","co0289559"
"Q72397386","co0016977"
"Q72550320","co0066141"
"Q72602781","co0028856"
"Q72705397","co0468124"
"Q69523459","co0400315"
"Q72080171","co0087380"
"Q72088427","co0142386"
"Q72375770","co0068125"
"Q72387601","co0058678"
"Q72721584","co0167772"
"Q71089253","co0038950"
"Q78475820","co0035409"
"Q74639437","co0065645"
"Q78523517","co0002052"
"Q78343557","co0232550"
"Q77978638","co0056741"
"Q77870207","co0369891"
"Q77870207","co0215646"
"Q77870207","co0303155"
"Q77977221","co0046252"
"Q78156601","co0019383"
"Q78161229","co0017275"
"Q78157176","co0045474"
"Q78158792","co0019015"
"Q78187298","co0069210"
"Q78344865","co0016814"
"Q78294884","co0919313"
"Q78343649","co0016958"
"Q78452725","co0032420"
"Q78458869","co0034641"
"Q78471937","co0076219"
"Q78524575","co0315350"
"Q78612905","co0104303"
"Q78600834","co0046724"
"Q78625820","co0987989"
"Q78631751","co0071552"
"Q78631420","co0080755"
"Q78625928","co0060121"
"Q78626362","co0027692"
"Q78791889","co0024473"
"Q78790717","co0056107"
"Q78988961","co0050209"
"Q79618634","co0138178"
"Q79615306","co0133345"
"Q79616453","co0236538"
"Q80175199","co0148070"
"Q80174913","co0044330"
"Q72064388","co0027421"
"Q72099402","co0029266"
"Q72170566","co0038390"
"Q72398598","co0075661"
"Q72415105","co0220408"
"Q72550889","co0187755"
"Q72555577","co0064940"
"Q72170384","co0059414"
"Q72200360","co0005796"
"Q72387275","co0075204"
"Q72391219","co0015324"
"Q72415219","co0003315"
"Q72549341","co0042839"
"Q72550550","co0079938"
"Q73037145","co0134106"
"Q75143577","co0682846"
"Q78803052","co0472279"
"Q70629138","co0403374"
"Q72398335","co0043414"
"Q72418329","co0552394"
"Q72555391","co0015658"
"Q72571827","co0068022"
"Q72597904","co0078012"
"Q72598857","co0012818"
"Q73032302","co0037944"
"Q72065903","co0189384"
"Q72096403","co0001865"
"Q72183604","co0079143"
"Q72414086","co0108823"
"Q72425003","co0052346"
"Q72550738","co0120054"
"Q72569792","co0021145"
"Q72571427","co0033430"
"Q70104760","co0306538"
"Q72392559","co0123603"
"Q72395719","co0012672"
"Q72547464","co0116453"
"Q72603075","co0043390"
"Q72706420","co0182729"
"Q108744089","co0047249"
"Q111652204","co0452164"
"Q80664764","co0232356"
"Q80452333","co0146592"
"Q80177162","co0033873"
"Q80175359","co0291452"
"Q80177057","co0181348"
"Q80469884","co0179503"
"Q123458821","co0082215"
"Q111104103","co0077843"
"Q108535528","co0276115"
"Q108417662","co0147414"
"Q108855203","co0189302"
"Q108855222","co0983474"
"Q109102740","co0751239"
"Q109103945","co0438241"
"Q109116484","co0733655"
"Q109326589","co0191488"
"Q109561013","co0907644"
"Q109587808","co0896074"
"Q109794175","co0220378"
"Q110209141","co0080819"
"Q110270543","co0119374"
"Q110270533","co0680798"
"Q110391015","co0858691"
"Q110917724","co0546827"
"Q110951960","co0344507"
"Q111920310","co0364284"
"Q120635169","co0788810"
"Q122987379","co0933736"
"Q123260532","co0535591"
"Q123354029","co0489737"
"Q123354027","co0290986"
"Q123354018","co0683745"
"Q123354018","co0411473"
"Q123378593","co0654995"
"Q123379223","co0697500"
"Q123392509","co0251736"
"Q123415746","co0239339"
"Q123417462","co1017693"
"Q123423119","co0058284"
"Q123458722","co0069373"
"Q123458756","co0378284"
"Q123458808","co0002401"
"Q123458811","co0122201"
"Q123458815","co0171249"
"Q123458817","co0781362"
"Q123458819","co0050874"
"Q123458823","co0165319"
"Q123458826","co0031688"
"Q123458831","co0042671"
"Q123458836","co0155498"
"Q123458838","co0165322"
"Q123458853","co0021524"
"Q123458865","co0081784"
"Q123458870","co0048604"
"Q123459288","co0219575"
"Q123459429","co0773568"
"Q123459494","co0209928"
"Q123459498","co0803080"
"Q123459500","co0782219"
"Q123459501","co0334161"
"Q123459515","co0068253"
"Q123459526","co0184596"
"Q123459525","co0023972"
"Q123459529","co0001642"
"Q123459531","co0271754"
"Q123459534","co0020047"
"Q123459532","co0412767"
"Q123459535","co0426421"
"Q123459539","co0028175"
"Q123459543","co0034131"
"Q123459548","co0206391"
"Q123459556","co0589686"
"Q123459645","co0217807"
"Q123464437","co0873687"
"Q123466917","co0048661"
"Q123466932","co0007832"
"Q123466909","co0570580"
"Q123466916","co0367091"
"Q123479604","co0174155"
"Q123482538","co0661778"
"Q123502554","co0565278"
"Q123518901","co0035910"
"Q123524421","co0722942"
"Q123566629","co0066030"
"Q81950264","co0720404"
"Q108535527","co0104060"
"Q108535491","co0116496"
"Q123459617","co0066770"
"Q123458828","co0056496"
"Q32491","co0354675"
"Q46578","co0198143"
"Q123585705","co0391558"
"Q123585842","co0484702"
"Q64361975","co0719924"
"Q55707851","co0552829"
"Q46737491","co0297376"
"Q60889048","co0393993"
"Q48784114","co0313872"
"Q49634222","co0741296"
"Q51337544","co0722631"
"Q51514100","co0381596"
"Q55237501","co0250340"
"Q55074828","co0689113"
"Q55137131","co0475221"
"Q55641635","co0556015"
"Q55642294","co0931685"
"Q56063582","co0627909"
"Q56204913","co0108232"
"Q56244868","co0401233"
"Q60746222","co0667642"
"Q61740339","co0238849"
"Q61944008","co0540234"
"Q63087547","co0637667"
"Q31086854","co0362416"
"Q30638085","co0369235"
"Q43401821","co0041952"
"Q28071521","co0147520"
"Q60874916","co0313068"
"Q60886425","co0120995"
"Q51482546","co0023635"
"Q56054894","co0227725"
"Q55614969","co0352965"
"Q56478547","co0712285"
"Q56574708","co0687826"
"Q60886316","co0192672"
"Q63537654","co0283926"
"Q64596984","co0382167"
"Q55603148","co0120782"
"Q47155173","co0061424"
"Q49851272","co0060193"
"Q31180999","co0093105"
"Q64524518","co0182593"
"Q55297300","co0438623"
"Q55602623","co0700902"
"Q55603031","co0701720"
"Q56072313","co0142959"
"Q45950042","co0479250"
"Q48977052","co0236703"
"Q28887850","co0022028"
"Q41511576","co0129244"
"Q42399150","co0345998"
"Q63612600","co0050873"
"Q63644113","co0040107"
"Q64596855","co0412097"
"Q55508943","co0000133"
"Q60437430","co0361322"
"Q60600023","co0137423"
"Q51816615","co0259111"
"Q43082788","co0103774"
"Q55612714","co0471026"
"Q28406415","co0615685"
"Q28683237","co0349217"
"Q42955033","co0670656"
"Q29863492","co0196381"
"Q30932907","co0718021"
"Q31202563","co0377183"
"Q47676592","co0701037"
"Q60886800","co0355149"
"Q85983145","co0330586"
"Q96096380","co0175128"
"Q86755103","co0295628"
"Q88966279","co0235561"
"Q91437508","co0711599"
"Q85783035","co0481480"
"Q65092070","co0675372"
"Q67204999","co0297865"
"Q88296669","co0494817"
"Q71359286","co0469063"
"Q73106316","co0012307"
"Q82291301","co0601921"
"Q83379201","co0490011"
"Q85769683","co0091945"
"Q85739993","co0764307"
"Q85793324","co0537672"
"Q85782820","co0481245"
"Q85795495","co0689448"
"Q85873176","co0536031"
"Q85983342","co0858195"
"Q86727941","co0037360"
"Q96239295","co0749277"
"Q88887980","co0047776"
"Q89099168","co0375288"
"Q89045213","co0059786"
"Q89045213","co0076944"
"Q89200108","co0000456"
"Q89198906","co0120388"
"Q89875062","co0469217"
"Q89875591","co0854699"
"Q89875772","co0217928"
"Q89875207","co0068726"
"Q89912105","co0153996"
"Q89918344","co0022381"
"Q90141498","co0043329"
"Q90924212","co0005065"
"Q91329074","co0065001"
"Q91335716","co0070464"
"Q92187942","co0383372"
"Q92780895","co0054676"
"Q92739725","co0258750"
"Q93277417","co0306532"
"Q93839980","co0034154"
"Q93840621","co0042262"
"Q94526523","co0029349"
"Q94580396","co0503660"
"Q94625464","co0048473"
"Q95402668","co0057323"
"Q95974612","co0384156"
"Q96000507","co0585999"
"Q96111646","co0035073"
"Q96382161","co0083921"
"Q96277099","co0041500"
"Q96405236","co0500500"
"Q96634129","co0708892"
"Q96679798","co0678774"
"Q96754685","co0694230"
"Q97130074","co0566071"
"Q97243504","co0714770"
"Q97279846","co0567240"
"Q76936818","co0679614"
"Q83976694","co0507154"
"Q96376054","co0033860"
"Q96779684","co0508689"
"Q76372081","co0186526"
"Q92466850","co0248323"
"Q93246984","co0147174"
"Q84266729","co0542434"
"Q85738663","co0743169"
"Q65090952","co0288916"
"Q65927105","co0233578"
"Q87071060","co0492333"
"Q88966501","co0462388"
"Q70610399","co0477732"
"Q92999549","co0082191"
"Q84765510","co0267486"
"Q85534250","co0780249"
"Q65092093","co0218758"
"Q92059688","co0353171"
"Q104486723","co0088173"
"Q98496985","co0109140"
"Q99631028","co0555503"
"Q103941859","co0304417"
"Q104145986","co0336940"
"Q104502032","co0370614"
"Q105046172","co0571001"
"Q105101724","co0278922"
"Q104117749","co0026680"
"Q99539463","co0065666"
"Q99539464","co0065200"
"Q104820520","co0080649"
"Q104820520","co0087769"
"Q104825284","co0010400"
"Q97554108","co0184517"
"Q99569506","co0635488"
"Q98605665","co0254206"
"Q99404709","co0095290"
"Q99447097","co0519193"
"Q98400556","co0703703"
"Q98047635","co0383648"
"Q98496194","co0857327"
"Q97328383","co0082090"
"Q97460967","co0039523"
"Q97602014","co0193900"
"Q97341083","co0496897"
"Q102414409","co0095256"
"Q97731592","co0003915"
"Q97958214","co0029856"
"Q97943517","co0134135"
"Q97940206","co0052227"
"Q97986881","co0320636"
"Q98002272","co0799586"
"Q98034247","co0738378"
"Q98071103","co0009576"
"Q98215772","co0068419"
"Q98215587","co0048599"
"Q98215494","co0051316"
"Q98216375","co0239725"
"Q99302365","co0006491"
"Q99302364","co0436241"
"Q99447427","co0545989"
"Q104843793","co0137299"
"Q100430755","co0123023"
"Q100488536","co0295848"
"Q100561840","co0487766"
"Q100561951","co0002897"
"Q100664323","co0040276"
"Q100699744","co1024552"
"Q100699785","co0209705"
"Q100701032","co0017867"
"Q100715594","co0098535"
"Q101071381","co0629081"
"Q101159239","co0080802"
"Q101246786","co0005998"
"Q101197331","co0084076"
"Q101188881","co0102773"
"Q101231717","co0005104"
"Q101238787","co0011575"
"Q104476728","co0766111"
"Q102036083","co0372929"
"Q102077788","co0043164"
"Q102414443","co0025326"
"Q102560155","co0005403"
"Q102477747","co0058997"
"Q104439655","co0137497"
"Q104597664","co0575969"
"Q104723353","co0012941"
"Q104711465","co0033197"
"Q104723537","co0277346"
"Q104844542","co0027770"
"Q104735386","co0064738"
"Q104822140","co0063109"
"Q104825089","co0080806"
"Q104866350","co0064996"
"Q104866309","co0075259"
"Q104854432","co0293963"
"Q104888035","co0548298"
"Q105093187","co0822122"
"Q98207659","co0052632"
"Q104772178","co0593326"
"Q101110480","co0308352"
"Q98457033","co0795325"
"Q98690551","co0651299"
"Q101584164","co0438247"
"Q106027564","co0088552"
"Q106249908","co0813575"
"Q108559543","co0847492"
"Q108671307","co0195785"
"Q105103345","co0682273"
"Q105166378","co0022447"
"Q106749304","co0227598"
"Q108490234","co0770923"
"Q110211368","co0222059"
"Q111103108","co0077049"
"Q113659629","co0145927"
"Q106833007","co0060226"
"Q105395751","co0292900"
"Q108225307","co0691921"
"Q109450239","co0499379"
"Q110108530","co0845833"
"Q105825912","co0663191"
"Q106493813","co0256576"
"Q106746779","co0191018"
"Q106746779","co0378887"
"Q106875157","co0162939"
"Q108560833","co0015475"
"Q109677844","co0378460"
"Q112651070","co0311381"
"Q106400381","co0715235"
"Q106412820","co0136681"
"Q107084920","co0297434"
"Q110104269","co0728305"
"Q105380426","co0239506"
"Q105430428","co0762733"
"Q105456179","co0780158"
"Q105554599","co0015969"
"Q105731405","co0020931"
"Q105676300","co0705202"
"Q105699308","co0055221"
"Q106690242","co0310156"
"Q106378448","co0079008"
"Q106336124","co0518177"
"Q106641416","co0016296"
"Q106641490","co0244153"
"Q106779236","co0261712"
"Q106807663","co0309555"
"Q106830869","co0620287"
"Q106960242","co0418309"
"Q106912917","co0537569"
"Q106936157","co0197099"
"Q106977818","co0457559"
"Q107009153","co0014821"
"Q107087911","co0838357"
"Q107103356","co0624987"
"Q107214995","co0180968"
"Q107214918","co0078999"
"Q107585565","co0238469"
"Q107871086","co0672175"
"Q110465292","co0864314"
"Q108101693","co0003562"
"Q108299991","co0923191"
"Q108570460","co0861654"
"Q108825069","co0762857"
"Q108903330","co0752824"
"Q109040848","co0827549"
"Q109361419","co1008213"
"Q110137338","co0088147"
"Q110245205","co0421401"
"Q110472143","co0942784"
"Q110513206","co0497484"
"Q110974153","co0787787"
"Q110991052","co0220799"
"Q110991071","co0967447"
"Q111345091","co0050423"
"Q112983145","co0353587"
"Q113124877","co0811252"
"Q113146825","co0865516"
"Q113461380","co0709285"
"Q106504537","co0095261"
"Q106641464","co0043735"
"Q106833252","co0292851"
"Q105763727","co0614533"
"Q105763739","co0258376"
"Q106192567","co0007978"
"Q108761261","co0450013"
"Q118444582","co0811000"
"Q116180544","co0910929"
"Q121036061","co0052106"
"Q121079312","co0373066"
"Q121080330","co0243578"
"Q121080438","co0081460"
"Q121083183","co0553669"
"Q121083405","co0486866"
"Q121084441","co0184653"
"Q121271466","co0000904"
"Q119998894","co0700501"
"Q121035240","co0064082"
"Q121035455","co0013927"
"Q121035600","co0007764"
"Q121035946","co0062467"
"Q121036032","co0021159"
"Q121078750","co0156230"
"Q121078854","co0026936"
"Q121078981","co0012776"
"Q121079011","co0037434"
"Q121079229","co0040776"
"Q121035499","co0026056"
"Q121035515","co0002163"
"Q121035652","co0035894"
"Q121035845","co0054778"
"Q121035895","co0054062"
"Q121086040","co0087376"
"Q121086116","co0028055"
"Q121086144","co0008586"
"Q121086188","co0071673"
"Q121040095","co0010564"
"Q121091056","co0153953"
"Q121091055","co0023289"
"Q121091275","co0010228"
"Q121079071","co0079193"
"Q121086052","co0050734"
"Q121035298","co0093187"
"Q121035502","co0052032"
"Q121035527","co0561251"
"Q121091057","co0066179"
"Q121091179","co0014947"
"Q121035783","co0745086"
"Q121035779","co0694079"
"Q121035032","co0328448"
"Q121035089","co0956530"
"Q121035906","co0073514"
"Q121035420","co0692504"
"Q121035704","co0046871"
"Q121035561","co0559993"
"Q121040176","co0685627"
"Q121035353","co0221126"
"Q121035986","co0274827"
"Q121035287","co0071086"
"Q121035960","co0077622"
"Q121035853","co0078389"
"Q121057910","co0727144"
"Q121057858","co0113132"
"Q121057830","co0761450"
"Q121058088","co0852230"
"Q121079388","co0056828"
"Q121079269","co0068212"
"Q121091113","co0329746"
"Q121086124","co0302347"
"Q121079358","co0696019"
"Q121079525","co0100975"
"Q121270649","co0546727"
"Q121270937","co0546309"
"Q121270937","co0050287"
"Q121271145","co0066377"
"Q121271362","co0051864"
"Q121271364","co0042122"
"Q121298805","co0059494"
"Q121298886","co0033489"
"Q121271144","co0305530"
"Q121298715","co0064565"
"Q121271491","co0047269"
"Q121270757","co0461834"
"Q121271127","co0046866"
"Q121270896","co0516840"
"Q121270933","co0722221"
"Q121271501","co0041998"
"Q121299012","co0211056"
"Q115361179","co0821313"
"Q113407859","co0372944"
"Q112223766","co0178873"
"Q113631208","co0120422"
"Q115097355","co0897169"
"Q113628178","co0940563"
"Q114839559","co0487933"
"Q114870054","co0591149"
"Q115202614","co0223344"
"Q115203215","co0558314"
"Q115726136","co0687402"
"Q111472057","co0111304"
"Q111902341","co0799735"
"Q113598123","co0141574"
"Q113865609","co0273767"
"Q115098369","co0563870"
"Q113162614","co0714671"
"Q113631089","co0130356"
"Q116294384","co0765467"
"Q116912969","co0636508"
"Q111604177","co0848918"
"Q111604207","co0848917"
"Q111740165","co0920356"
"Q111955723","co0580166"
"Q111968568","co0299306"
"Q113571532","co0396097"
"Q112201910","co0478495"
"Q112713282","co0064237"
"Q113462994","co0282087"
"Q113500171","co0857233"
"Q113839106","co0909908"
"Q113841526","co1007339"
"Q113965205","co0079686"
"Q114051692","co0360365"
"Q114602915","co0895713"
"Q114839173","co0545061"
"Q114839430","co0860669"
"Q114839791","co0088295"
"Q115361179","co0374522"
"Q115451003","co0002649"
"Q115451236","co0000236"
"Q115755973","co0299795"
"Q115755976","co0769032"
"Q115755978","co0725933"
"Q115755988","co0051741"
"Q115755989","co0516224"
"Q115755999","co0689147"
"Q115756004","co0518405"
"Q115756006","co0690615"
"Q115756008","co0178609"
"Q115756016","co0591792"
"Q115756017","co0096201"
"Q115756021","co0486269"
"Q115756034","co0205862"
"Q119812136","co0035270"
"Q116775800","co0685472"
"Q116771959","co0486721"
"Q116908492","co0650527"
"Q116971466","co1022516"
"Q117072322","co0835524"
"Q117305248","co0393265"
"Q117449738","co0950809"
"Q120629662","co0736615"
"Q120675533","co0851289"
"Q119268382","co0123790"
"Q119458408","co0750792"
"Q119659424","co0718285"
"Q119812136","co0026481"
"Q120736469","co0870751"
"Q120736505","co0402351"
"Q121034374","co0057787"
"Q121034491","co0028358"
"Q121034205","co0108852"
"Q121034339","co0169264"
"Q121034474","co0044833"
"Q121034474","co0641809"
"Q121034416","co0031180"
"Q121034223","co0074285"
"Q121034270","co0076272"
"Q121034362","co0477927"
"Q121034314","co0037026"
"Q121034420","co0140881"
"Q111488974","co0671182"
"Q112543931","co0801746"
"Q113661438","co0033018"
"Q114469584","co0752660"
"Q111488934","co0135797"
"Q114457530","co0049876"
"Q121223543","co0013680"
"Q121223262","co0081846"
"Q121208085","co0297816"
"Q121223426","co0795240"
"Q121223632","co0718101"
"Q121300418","co0689680"
"Q121301245","co0132197"
"Q121034492","co0057325"
"Q121034488","co0085613"
"Q121034933","co0011170"
"Q121034618","co0110362"
"Q121034622","co0103598"
"Q121034773","co0063461"
"Q121034895","co0060306"
"Q121091450","co0010901"
"Q121091490","co0318670"
"Q121126011","co0052819"
"Q121126184","co0002839"
"Q121126354","co0039323"
"Q121126552","co0066779"
"Q121126797","co0039410"
"Q121126872","co0081938"
"Q121034685","co0158582"
"Q121034776","co0150654"
"Q121034929","co0095171"
"Q121034684","co0090382"
"Q121034617","co0037496"
"Q121034976","co0795688"
"Q121034677","co0502251"
"Q121143837","co0072002"
"Q121144060","co0133364"
"Q121144140","co0012893"
"Q121144236","co0072484"
"Q121034770","co0453874"
"Q121034940","co0075114"
"Q121034825","co0030230"
"Q121034870","co0144502"
"Q121159846","co0076155"
"Q121159970","co0068432"
"Q121159934","co0204698"
"Q121126003","co0012482"
"Q121126018","co0012071"
"Q121126409","co0126454"
"Q121126576","co0026336"
"Q121126742","co0137800"
"Q121143637","co0073152"
"Q121144006","co0054998"
"Q121159761","co0017246"
"Q121159768","co0129187"
"Q121222910","co0015740"
"Q121222930","co0103126"
"Q121222969","co0112023"
"Q121223103","co0039921"
"Q121223197","co0001963"
"Q121126321","co0063466"
"Q121126572","co0032367"
"Q121126787","co0811909"
"Q121126557","co0227764"
"Q121126696","co0640328"
"Q121126773","co0055043"
"Q121126145","co0050725"
"Q121126857","co0177984"
"Q121143565","co0018393"
"Q121144120","co0259262"
"Q121143860","co0801513"
"Q121144300","co0263034"
"Q121144065","co0842122"
"Q121143846","co0824717"
"Q121144002","co0293796"
"Q121144213","co0345769"
"Q121143683","co0128577"
"Q121144206","co0325397"
"Q121222760","co0047571"
"Q121222825","co0106332"
"Q121223077","co0107002"
"Q121223344","co0045027"
"Q121223426","co0029180"
"Q121223404","co0654814"
"Q121159764","co0103932"
"Q121299241","co0123627"
"Q121315132","co0038243"
"Q121223094","co0072743"
"Q121222582","co0166036"
"Q121222705","co0325532"
"Q121222799","co0693898"
"Q121222770","co0048822"
"Q121223381","co0104950"
"Q121299400","co0001020"
"Q121299401","co0042848"
"Q121144087","co0053637"
"Q121315148","co0041335"
"Q121315167","co0770118"
"Q121299140","co0072254"
"Q121299540","co0025456"
"Q121299373","co0021024"
"Q121315108","co0688492"
"Q121223339","co0309758"
"Q121034703","co0016854"
"Q121223387","co0022842"
"Q121299206","co0077497"
"Q123459514","co0025751"
"Q123459527","co0120668"
"Q123459528","co0225724"
"Q123459537","co0343047"
"Q123459541","co0142951"
"Q123459552","co0023366"
"Q123459560","co0265986"
"Q123459613","co0186811"
"Q123459621","co0044279"
"Q123459636","co0175100"
"Q123459639","co0103185"
"Q123459642","co0016526"
"Q123459643","co0052930"
"Q123459649","co0109306"
"Q123502005","co0501457"
"Q123502293","co0704320"
"Q123516744","co0837272"
"Q123523172","co0583907"
"Q123536871","co0835046"
"Q123562123","co0611069"
"Q121337069","co0130419"
"Q121593012","co0299061"
"Q121596811","co0820270"
"Q121792679","co0380959"
"Q121792774","co0003345"
"Q121792774","co0053861"
"Q121792856","co0030061"
"Q121792856","co0781985"
"Q121793023","co1012653"
"Q121885893","co0582028"
"Q121885893","co0744967"
"Q121315171","co0053405"
"Q121315306","co0004452"
"Q121315440","co0079381"
"Q121315540","co0859457"
"Q121337052","co0240889"
"Q121337232","co0072017"
"Q121337303","co0103475"
"Q121337302","co0044219"
"Q121337411","co0055913"
"Q121337529","co0071970"
"Q121337614","co0351717"
"Q121337615","co0012275"
"Q121337719","co0071153"
"Q121357511","co0103175"
"Q121357897","co0046093"
"Q121358037","co0163984"
"Q121315380","co0013358"
"Q121315441","co0072649"
"Q121315520","co0197272"
"Q121315635","co0023392"
"Q122233790","co0478183"
"Q121337104","co0000273"
"Q121337364","co0012768"
"Q121337392","co0150615"
"Q121357664","co0009343"
"Q121357812","co0421800"
"Q121315529","co0075509"
"Q121315237","co0059795"
"Q121337022","co0110920"
"Q122259955","co0539233"
"Q122260646","co0159978"
"Q121337333","co0221906"
"Q121337108","co0220730"
"Q121337308","co0144295"
"Q121337540","co0133803"
"Q121337285","co0399929"
"Q121337596","co0056999"
"Q121357543","co0035958"
"Q121357427","co0220772"
"Q121357781","co0073358"
"Q121357767","co0184158"
"Q121358012","co0157374"
"Q121357991","co0111797"
"Q121390173","co0344252"
"Q122388565","co0955458"
"Q122391546","co0236559"
"Q122391572","co0068480"
"Q122417468","co0567766"
"Q122512286","co0197542"
"Q121912651","co0899934"
"Q122459622","co0765774"
"Q122936953","co0150432"
"Q123004570","co0044913"
"Q123036987","co0368039"
"Q123037982","co0848920"
"Q123038471","co0384481"
"Q123137578","co0054102"
"Q123142030","co0044350"
"Q123142043","co0099776"
"Q123142049","co0023808"
"Q123142055","co0093758"
"Q123142067","co0241671"
"Q123142102","co0085628"
"Q123142108","co0456786"
"Q123142118","co0342554"
"Q123142124","co0059103"
"Q123142330","co0020963"
"Q123142338","co0046572"
"Q123142357","co0212869"
"Q123142364","co0112861"
"Q123142375","co0074341"
"Q123142398","co0074014"
"Q123142417","co0000956"
"Q123142429","co0237481"
"Q123142446","co0091964"
"Q123185260","co0369162"
"Q123459505","co0048343"
"Q123400110","co0352258"
"Q123400110","co0338494"
"Q123423109","co0026438"
"Q123457529","co0515343"
"Q123458813","co0047574"
"Q123458830","co0191360"
"Q123458835","co0003232"
"Q123459372","co0053994"
"Q123459374","co0184093"
"Q123459502","co0039264"
"Q123459509","co0284741"
"Q123459512","co0982337"
